-- Schema
-- Supabase schema for Registar Viskoskolskih Ustanova

create table if not exists public.institutions (
  id text primary key,
  name text not null,
  address text not null,
  city text not null,
  phone text,
  email text not null,
  website text,
  institution_type text not null check (institution_type in ('university','college','academy')),
  accreditation_status text default 'pending' check (accreditation_status in ('pending','accredited','expired','suspended')),
  logo_url text,
  ownership_type text,
  founded_on date,
  accreditation_valid_from date,
  accreditation_valid_to date,
  competent_authority text,
  notes text,
  registration_number text,
  tax_id text,
  short_name text,
  municipality text,
  postal_code text,
  country text default 'Bosna i Hercegovina',
  founder_name text,
  founding_act_reference text,
  head_name text,
  head_title text,
  fax text,
  is_active boolean default true,
  created_at timestamp default now(),
  updated_at timestamp default now()
);

create table if not exists public.study_programs (
  id text primary key,
  institution_id text references public.institutions(id) on delete cascade,
  name text not null,
  degree_level text not null check (degree_level in ('bachelor','master','phd','professional')),
  duration_years integer not null check (duration_years > 0 and duration_years <= 6),
  ects_credits integer,
  accreditation_status text default 'pending',
  accreditation_expiry date,
  created_at timestamp default now(),
  updated_at timestamp default now()
);

create table if not exists public.accreditation_processes (
  id text primary key,
  institution_id text references public.institutions(id) on delete cascade,
  program_id text references public.study_programs(id) on delete cascade,
  assigned_officer_id text,
  process_type text not null check (process_type in ('initial','renewal','re-evaluation')),
  status text not null check (status in ('submitted','under_review','approved','rejected','appeal')),
  application_date date not null,
  decision_date date,
  decision text,
  notes text,
  created_at timestamp default now(),
  updated_at timestamp default now()
);

create table if not exists public.documents (
  id text primary key,
  institution_id text references public.institutions(id) on delete cascade,
  program_id text references public.study_programs(id) on delete cascade,
  process_id text references public.accreditation_processes(id) on delete cascade,
  document_type text not null,
  title text,
  description text,
  issuer text,
  issued_at date,
  number text,
  file_name text not null,
  file_path text not null,
  file_size integer,
  mime_type text,
  sha256 text,
  version integer default 1,
  is_confidential boolean default false,
  tags text,
  uploaded_by text,
  uploaded_at timestamp default now()
);

create table if not exists public.users (
  id text primary key,
  email text unique not null,
  password text not null,
  full_name text not null,
  role text not null check (role in ('admin','operator','viewer','institution')),
  is_active boolean default true,
  institution_id text references public.institutions(id),
  created_at timestamp default now()
);

create table if not exists public.audit_logs (
  id text primary key,
  actor_id text,
  actor_role text,
  actor_name text,
  action text,
  resource_type text,
  resource_id text,
  changed_fields text,
  prev_values text,
  new_values text,
  created_at timestamp default now()
);

-- Optional: enable RLS and policies later as needed for production



-- Data
BEGIN;
INSERT INTO public.institutions (id, name, address, city, phone, email, website, institution_type, accreditation_status, logo_url, ownership_type, founded_on, accreditation_valid_from, accreditation_valid_to, competent_authority, notes, registration_number, tax_id, short_name, municipality, postal_code, country, founder_name, founding_act_reference, head_name, head_title, fax, is_active, created_at, updated_at) VALUES ('inst-001', 'Univerzitet u Sarajevu', 'Obala Kulina bana 7/II', 'Sarajevo', '+387 33 668 500', 'info@unsa.ba', 'https://www.unsa.ba', 'university', 'accredited', 'data:image/png;base64,iVBORw0KGgoAAAANSUhEUgAAAOcAAADaCAMAAABqzqVhAAACnVBMVEX////jvVAIO5YJW77lvk8JXL3ivVDnwE0AOZUAOJcUQprpwUztxE0ANpQAOZcANpfwx0gbVKXpz3gAKpsANJgASauhaQwAIo4AR6wATqgAKJwAKJAAS6r9ogAALpoAMZmkcAv/sACrAAAARa0AK5EANZ0AII4AWMIAVsWhAAD9qAAAJp0ASbexAAASUaaXAACEAADw8/j/tQCNAADWtVu7vb8+TF6CAADK0eSuex++kTfMp03my2lvg7gAQa/a29zc4e0AAAAAVcmwml53AACMm8XJrF6bi3bEqmdfdrGLh4d8f4ygrM6nmHm5oFuUjYF3c2OUmJ2zoHJ2fIRBX6KTh2QAMlSCksDFx8j+3bX+79y0vtjQsFw+XKVsbIWDen00SpJIVY5XX4pgc5VTXWhgZ3DFgwCsr7EAObO6kFlOZpxubmkYL2AUPoHkkgBRfMj6zD7WoSgAADGAeWQATdMAGkQAJUiZYmKoi3oAJkTu2trAnJ3+2a39x3/+9egAMs+YWAD9vV1zcIPYoVTdyruQclyKWjpuWlPcrXO9bQCuawDMp3yve0SYSwBjQBvlriXc0JmMXhvgwXnj3by4WwC4rY3UxIhpIgC+fDydeFLU0aiRZDT9453OkADgkzCUVRfQspyUPACTQypqHQpoSETavJZRBQA4EBJqMB2aPQCCPyRcMSQpGCScailZIg3Rj2loRRRKN0oRAR0zHQAADlseAABOMw8ALXU5RmgnHhIAKGRPSkZ2QgC3j3RscqJkUzwxLjKXMjJRY3vSnl6+eV/EYmqqiYrboJ8oRmW7WDi2NDW4Ox9zMDEAAD4nQG3Iennhvb3DckVRQzi1SEfkytWZV1jGajfYpaTALCwxAAD8tEWgSEikZGV3RUUAKtLIGC/5AAAgAElEQVR4nO19jV9TZ55vcnI4J+QckhMThEAM8mYQJBo9pEDAZEkNgRgwISBieA8gqFNTFd8qtUBnqtbBgY7jtNI6naU7d2bn7uzOzu3czsKOulXX7YzOdmfqdrrzt9zf85y8B8gBtXbux9+nRThJTp7v+b19f8+rRPJCXsgLeSEv5IW8kBfyQl7IC3khL+SFvJAX8kKer5jt1Qf37qlv8nebFCAmtb+pfv/evdV28/Nu2dMSe/Xe+m7tlpz8khKtSpWVpZSDKJVZWSptSUl+zpYSddOeg/bn3conEnP1Hn8+AFRlEYLIlZmqsGQq5ZFrWdqSnC3d+/86wZoP7ldsyddmITTyTG1pgaYiz0D09Q8M9CAZ6O9T4EsFWpUSwc1SleRo6w/+dZmxfW93Tr4WtV+pKtDkEQPuRp+TpzkQNizod4YKOBp7BxSavAJtJgILWE177M+79SLFvseUU4L0mKnVaPomPU4S0NE0KUVCoR8kif+gKJKkaYblmICvt9+Qp1XBh5TaHOX+6ueNIa2YQZNIkUqtQdPf6iIBoQAwXqgAT5IMG3uBpFmOdTYOFGiQXuXaHMU3W6vVTfklWQhknsLtIDmGToGIhPbt3u1y7d7Nx10DDZM0x7qa+/IKMrFW/QefN5qVZK86B8xVrtUoWgOgR2g8wyyL06M3Nbv0xVTsEkvxLHovyXB8Y39eAVhEVr5yzzcwKpn3qErAvVSGzF4nxyDtsKSztXU5jdIendrv0hXHLJodzM01NXJhGwaofRoVst/8evvzxpUo5v35JViVAw4O+x3Je9zHlvRqbhmcTKNOrW/U5bLRC816dbcptzGifYDqnDQUwA1VW5rszxtbTMz7c7TQqAJDL8/REQ1l5/p8umIqNQpJmVad2jRmyo4+A06tzmV1Jj8Xs2SSpRsVBvDUrG8O0j35gFJpUHpYJoqK9unVeqpY51nGcJlmkxpEF8VJFau7qWzTWAwnimA05+jXAFLVlvpvgp8eRH6pNCh8XDwkksxWm3rGdIOsNEUYt26sW602RWDBMzG5fTpdczRqMR4fxyCkzv4KjHTP80ZpV+eDxQooqfjwyo2Z1Dq/Wr+Mg7Ju3eAkqDSCk2nW6Xxuk94RfVCsXq9rRH5OAtI8JSEvyXy+WWb/FkiXBVoP0iVLN3ti2sNOCH7nSnVQblA3iEJuBCfnNxVT8NaoLzPwql6nD5BAn0jO1WeAR5njf37GWy3XglHlNeNcyTdn63L5KCrSmWtCKm1NTaHcgG6Qh1cjqmZz1SY6V90di0vd6myfybQkXKA5jxZ9z5a9zwlmfQ48Z80AhZVIN2aDy/ljZsqZdK3d6hiaeH12u4/psiOvkNRuU48LXDRiDLQrW93NZpsGIx+lmd68TEKe3/08VFpNwEPWZjq4sArJYrXfpG9lIzGT7dF188VgjSk4KSCz0rjYDHbr94OFR9wTXNs0OGjK9sUCG8v3GSDH5Hz9Kt2/BZSZN8lG28INmvyDplxn5AJE0VxyMnt3rLW4OkHCoh9QwQhlCyh0rDi32B3RHhkAO9aZ9HGWAPSKa4QcI89p+npVau4uAWUqXXFGCWwu26FXqyPWB+a420N6KAbxG6i+pHygxeFrbz+Opb293dHi5KWAGfByvIuPhjDODRbvBsuI3doJRsNS/aBSFWH/GmFWlwD91PSwCSSALja5PTpdVC+MJ0BLaRp4Lu9o3xe0WCzBobY2b0TahvClw+2OABgxQ0bsm6SygR2pTbGwRPK7x+AxgEorlITyawxHe8FmM/N80BA6DikYrhqYTszPEEaqpf0woGnzdtqWsTizrXPEO2SxDLW3UJFCFbKpaRLCUhxraMwG8otUGkAxIafpa4JZnwM2q6AYiiF9vpjl0j7ImNkmtT7sdTQb8AHGtpHOdD5lG2kLAlYng2IT26rfzY+pi2MpSsoh4u+HdEqzA2C7JeqvxUmRa2p64PFynmK9Po58Qw7Us2O5akQNAGQ7tH3EJvaugNViOd4ClIrhfM5DusG4KETp4QFmYwWD7cqJLJX9GeITxKxQEfKKRkDHeIoRG1+KAgXDzfbwPo4kWcoXtLRVrfWxdzZbLO0BlqQZ52Acj0J5ZokSgFOsy4Cc9Fn3INm1WYRS40JZklPr3KDCQy5S6N1C/SFjLsgXrHMfaHJFkHMTq9y/s81y2IEcO+b4jEevzqbISGKmKXjSxJZny3ftQIFUmTxuBGdSZ7t8Jp6NtICkXBw00TFk8a5mrlPTq36F2RsMtlMxtkhSucAC49gjyfYXANBnGXarIdCq+ijhWTOtUGIyDOdQRxsBud8RDK6sSiQT1jfTfU3VkCWGFLOjRPLI9RiAMjy7Wq16CwTa/ihhA75mGjvWXKyLMFPQJaBMc5OuS99O/02dUaRMo16tS6h5IP9wkxB2nxlQpM2CgVi3K4qD+lYwK6GiItmW9CgnuqY3fse2moeGBZD6cHY+ZMqNt1op64Nv43o1zwxodQ6CGW9BjC9XXez06DBOlj9sSYPSPP3WxdCG0MVLF967mT4WVwWDLayU5v0JVsv6itUIaKvmGfmoPT8MM86IODdktjH9IEvRdLuledW2d11+++KV70pn+KvSmvnvfW/Y9f2udF/pteyj6GigDcOEJN1zLAL06Udds1YJvsmBsTrje0eWsnXFg1BlOYPB1SnB3PDUfKtNMhG4etXB1ErMVdbZt2fTfmmbxcHGdxmyjly1bpDVQcTnmhHQp55HFVmEtg8xWn9uAlBPq4sj6eMW7+oNnphdpLBXzr3rucrjRzI7W5sWqKTKcpiKK0NdxWoIvjpTtgv5KASjLfangC1OulVEpoKVUtyYDph6HFCaoRl+dWWeHb34zuzo3DX8x8S733eFf9uwSP/g26fTMENQaQsbB1Ot86hNJhOwX4rrKSDk2qfKdZtKCKUKl8WMX6cudsX3VrK+1ZV5uXbm2tm5H87NCX+++/1A+LfZ71unT195x5Pmu0csx4VUxiBtQpYBrIItc/0qIsv0FOBFZG8OIdcILIhkQaPFvihQkt5nqVrts5fnroLBzo1GcF71WcO/8b7aCYn5+vs/TPPttuAQsl0aYOqW+OwoTHjECggaT69MQ/ygImKsYaDhWE9TQ6sHoK7Lcyiuzo2+e1W4QLfUCDi7ZkZD8ATMw8OrE0GQNgvEBHAZ3RinVpt0UY8lKYOcyH9aadRcIic0jTFT5ZYAqAcDZQKWttU/vHgD45sLtVDCheHaSwLihdB7U+jfy++nJ0heiLtQD41x3Sa1jo8FJtpZ8fSCbjeE2p74XM0NIqCgX7YlTZwFFALOifn3QpfRL9PDtVcwvIlLNR/gK3Pvf5C+DVWWdlbKUOpEmNACj4aQq55KLNoDMUiROEzCDep1fgayWToGBDjrWJxPLl3feAnZ582LNVdq0IW333nvIjbYt0ToE5zUchyAurP18TARMerREir/k+ALCzinPI9PGj3gesY4FGhXjUBYpodnsPo+GP758E30y8133sYvXLn0wY/QE5h+50+tYtphC+4D020OJGgT/kKx6Gm4KKEkNECkaTZhAAEiPdtu6RTx+dGLF1FAnVi8FI6riwKLn77w7XPwz80ffPgTcWZnRkCZ+AfONR/iSZLPexp0oR7MAlgt6xpsphO6MUXCBE2+cxP/Oz2KGiu5+d7itASgTn8HXz374x+nDbdhwUBjQnKD2SY1S7GNBiJLsXZkCYKstoBFucuk0zvjmaZPJEzQKPw/Ye66/ubotOSmZO6H010TNyXf3ve35yQoI/2b6K6yRKAk7cf5jcR0oeQJLResNs9Fk6TepAPCdywymIJCkFiYEtvp9ybOTku6XAtzUxfenhqeeuv9D25OvwdabZW8+abo20jCwSjsOLzOZFIzTr+TJCnNk1ru/hKcUrgxUzfXrPOPdTvDY3VOESEoJguXr1yZn52be/eqdHg4VFdHvn/xnQ9//IOP/u706bWlBBukF1ymcag+cwfGcsFypYwHLLd7bcgSxJ4jlxfQqCNPrc726ZBKm5FKST5t3kyQiUsbN9a2uC67nLU1l4bff7/m0pUPPvjpT37ys/+VtgZNkk6LA+IhxbXmqk3uQUCp3g2JnOvPJPKfoBYFhmBA412sTw8JWudxA8NUoxwTbF7bjRY+uPIja+21d53Wmg+u10y9f/3Khz/56c/+/sN/WHOTRiwBEs1mUav9JmD06lzfMRRzK6ByWfO9InIwh1D1425ohlpCw7hOJ1BMqKoPD63xTrbvXfnpd39+eeHbd2p++t33rtd+98OfAsy/+9G5tTfKG6SkbDMqWnSTQI8on1oHjKW3gNDuX/vNBEFBKMwQSM4DQTzXzQ1SJNseXDPRcmz84Pqdyz5Xy9s/r3m/tmbjB4DzZz/70XpaNXQY+IJfr291mXQ9jm496mCQclq5PMe+nttBNQZBaDLKaxlqDG6pp0m6xSI+FUTk6pUrF0PX3r3KQxyaIS++c+XDH/zvv/vR2s1WgrJLO0sGmjlHrmkQrMyUO+ZCIcRAqNZZoeUThCGuD4oE59f1sCSVntSmincApOcXPQO/gX83fnfgH3/WDzKwrnZ1WiCXcJ5cNepYyB5z4WTH9SnXmVuAvxe0JvB3lvcj50xTiS0n9m0ymcz4T0eMJpPsxJ1f/NIo+9VRo0xWtj6X8gYhFPkh1iJdhlM67dIQWevi8/lyuTZpNhfJSRmHZe1VkNmYkZEhGz8iM5ky/vn0xl/KjsoyfqWWZWRsWx+NGToOZpWNdRmbHwGsKGcdlShSZyMjTSxUKLDatRAEQcwygCQ7chRgmj72Dv/q6BGZOkP2T6Z1A7VZWmjG0+3i4lpHOvPWpdASpbwUdYfH30tKrcdq7WUYJoJlItzDf7P5l8ajSL9HjyKg9WtvmmC5NJeoA24AFGpf6532YnWS/KExiozdD2JtGqu1jSTre+82AGVCmDJMDQCz8/y3/o/RpAOg+KIxw558BxHhPNjOJk9Mwgpdc8iF6lXDoimHfo5xRpMLvfpAUe+R339szD4Z/yjsr5QBIrVJhmy34fSlvwEQ57/1C/QXuo7g7k6wXYs8+2PLr3vTNK/Tklz6SzH7W6tCq/MJbS84O+Qo3nkIcSDcedseXO1DQSNGY7TEodyG9QhoQMpGL/xfrKvXNn1PYcRA0UsZRuPe6KPpNcJFo6zMssz946XtcEKMJBlOSjs0hHaN/u7PIiqA+aBxomy1rpljm10Qk6jVirHWj2WABlqZoRTeZd+bsQ1fQoBkGWXdoV98J/zervJLvzdmRF+TGbe9IixFsn2M7wBXPl69N8VsaYlbF8JRrX4oq8AIS9YE056DexHIgDsbmKRpzMUX73aQ7PGVee3IJ0bcPtnfmzJkv95f/0qGcVv4CsZibLg7/Ks4o3/jW9/VGwWgwo+ybRmv7N/TI8vQ/T2+JMv+ZFUf8Q5FOnJozjWYrct10XRjAVGyprJlj5bQuPA8X6oZqjGT3mTyc1CNrRghvCqZIEAEILYasQWHzRU1umEp9C+/Sfj0gfLhX5cZo+8wYbXiQGzqyxA+lLlaVWS24HnJJMt4/FCfocF9VHCvrQ4l5HIivMyCZRpNerVa76PZ4yvnlE9kkQZDy/uO9B0FicI0NizVbvxlSt49v2l4oMwoizwg9dGjfWqca4R7wb8fr9ZGbxD1IPNuPbQOam5dcYBke1RrIn8oCsUmCDOcrzu7e1V1Sn4vOCL+/+hReLph30MGm3E6tPGXy9ngxBubvvWmusEYfqdMpjMBVvyohCe0Kk4zIgutu01obMnEHVOrHTTpWlskqlcRCV22NOfz0Uz7KlVnqx637MiRjKMff/IJ6NJk0smMZQ1lTadD8//ynytxqInzmwDqmLEB9KrTmUxgByc/UWQcHRd0fHjVVnqHWJJH474u/W4fjZeUcGCIa+j608oz+xOnstC0dLVga47GWuPmqcXenqWmpqVB9+nRUPnwB/+66mwiydz5TeXl86N3e8b83d3dTUvuxc16xCLQc/t41U+aoW5Bc+2Psa0eUiCoTK92DST3YD5RkLLwhPatkjurslG7kLV+7Lnz/rewDF+68L3j3rSTGEFsC2+hzwBe+NSF772JfBQbvnH1XqjmfSzpyt0dIKML9shAxRr6FcBsNSkLiZjVqJAtC/umWnZUjp6m2Wyz2czLI5ybvbbstBr0EfQp+HXgY9lRfL/s1Stdm4WXcoO+BE6kUIo3XBWRbLaIPa7KbIM4Fxp/m1G2otV04ZHehRmWmwGgXQdWnuf3ivu3OOEYj6Rp6FA7LU2c7Mw0a0VzP4i2BY00xXBMHINn961eqASVyJ9ajNuWxzk9OzPDcSHJxDDDsjMByQH4a0a6sDzUV1r9RyDfGD9JR+hHgsnLnRCZLxE5rQiRBJ7kusdaXXR0reqqlA9J5yef/GuzZ3mcXXeGQyGGZWbmpudDDBMKSeAvlgnNX1zWhjNa1RmbP/nEnbalKBIlAeUKRFeh6iy5ArhFsUmXrRewQhRyrMrgkWwrW3R7jGUH0WBRvEzcoOdDPEmyoMhr0wA4FBoWcJJS6/xM3YFUnI3qhp1lRhFqaTuevAyInVQR+aJ6PMz5ctUkixb8oY4mhLWZArNN1wFv3l12Z8lnLKv2drwaM/GuBSnHgQKlISnCeUBycT4Umr+McbK1UmsoBO46m+SqGY0ZJ3ZmGEXEzSpLnHeSaLE77Ssg8kVlFsgqBh9Ne7L1JvXggE6vM+VyYLbpfMW+rSHU7SszHrSM33/VMtRh6+o6MDt7aT6ElqKDiV6nwW4nJDcvDQ9fl0hmZ1iWHwa0JAuPYbh29uqBrihYwNkQGjO+IqKxEcPFEww9jZAlKLGZZb8WZRWSPeYa1OnGGh2t/kGWbElrttXGhp3G0bKyg97xzh/WhEIzxzh2JiRFS88QFCkzXMei+V/Td9CshImZuql5qTTEsijW0dIQwx2bmZmvvY7Ayjyysjs9onC2tSOFMhxPc4PFOp2eQpRIHJfvzlL2gXse0vndg2qTTu/mWYo9nnZAZS/gbBgFfXb+zj2Eww4EmtCwdWoYgWFZMF0GjRrd5IbR2+tqpWCz6Hqolq+Zj7wdz8yQLcqMi83GDBGNrcJkvll36JgH6uRsXTMDDioXVYRC6dnDokUaCKQO5BAQjmDaXr49RtnOEwin5NWO8TNvzyAHBFXxEAJ5QMRI2XkrCe9b4ObRT7oGoWRCUywrtaL+ABZBFmYWGReNxruLxm0iGouoAtOabdrN+6GkCmT7OdpTIIr62THpY3vQYNSYu9HnaYPCLpC+07be6J9BOPdKLB0dlvu/CdSGUIydCQ1PkYBTCkhD1lAX6BNwvkWGaIQd7LkOlIkeCej1RvhWZaNG4+Sdsm1iwmbQARarG2t1ZKPVUGo1tFUjKoMeLCE0TpJt9hdDBDLpdYMenqQd6QfIXjEuTZ1wIJzu8fFxb8cn3xaMEQCGrCRoj2JDVmnoH6a50PQlqRTxBWaYx8aLUk5ovjYahwCnbCnUsM0uAqf3OMP1ZPscfnW2y6PXu+GBGgiViM5SFIbQGmSO8rn9uXqTKRe0ezz9sG6G0T0q4Kx61WsBnZ78rQPYCvY7Kylla0GnXIi0TrEhXmqdoWkuhKa6Y/4A1caGuBFfcHNZ986GFahVooCD0h69To8WpAXUUDRTXJ8yS53+gzgMCRUKi7Ee4kk2vXtKjMbTiwJO8++83pNnbk+ePGl5G9kkSSNtScE0SYYhayFtSjkpY4XiEScWwBlKnOIHODNkOxuMYrp6wEFJ1q/XFfuBiiBGg5iCmDHfEjmEoVjqBaykiOwJdMg42tyAcUrud3ScOeOuevXMeEeQZ1HyAKIwAyFHylo5KRvCK8yll0KsFSkT1PqnWwmuiHA2AFEQ1TMQbCGljMcTiPbOo96w9FTevIXQNieQKTCqlnS9qYgmlE31IJzQuLZxANphGR933+84sjgPlB3MFwhRCFJo6A5XuxBip+YxfimwodDw4+0vnUp4ZI4GwNkthhCFMygwodgyN4dBBCNC4daXVGOLCUNAh2b8DTMY58h4xxmvpeN+WxVo9shvFnxTgJUmUcRlpqel1pFACMwL3JWbGb5x4PLjou0v34q/1yGkz9CSKKIg8e5LorgkLybg4nCbhJMREYYOAk2A4NGNcNp+d/v+EESi2+P3g96OI7cHzxz+zW9qSTBT6trV6brZVv6atXYqNH/n5r+BXz4uqnxkvht/rxMzfpnxjlsczqqh5NqMNohgfntLiORZixR7OP0I9l5j2c4TocKlMuRUJ2/bXj3TcbsDLHfkyH34B3T7qrezlufr6IU61406ymqt+fQseEmV+W5l5T2JLb57xTy2s8doXDxtlInBabNIkydZAvNLO54EacWQUusE00/a2mNU72zaWTiJcQYB45mg7eQRiET3zeCklpMjluAd63/d+/fH/1FX+9LhD28thhYwppGPih4gvHGBzlxeeBei92iZGEIENWjKZNL+zPSJpSkr0kMt6BL9Lybc1pc172zonVLj4DGCAtG4u+O2Jdgx7r1/+/6A99X7Z0LXX9paVPQf3PBL3+k0m6E4k9x7sP3Pn30Een3wUlziMpfvbAbiB0RBVB2ZVGsDk+9RyYl0n/KH06ewCQDalg3N/kr/ha80hCATlMlkCKftZMe4G+JtFUQjgOw1/+7XEIBrrbe2b936b1zt3c+89oXQwr3Kysqt27cftkkeVm6PC7jmQ02yDOPpnWpRREEy5IgLJyyK7b1auSrdp0zKzAFWyjCU0+VrbO4ZU3dzpDN9WgE6tLNwCfXG4whw8vZtS9uZ8fv3xztGOjru3+74/UnLq6Oh0PtvTUwwTtv0z63DtY+LiiqLHj569FXb2aLKB3GByIxG2cpGC3vF4WyLpAcKrdXsdjN0qzZ9l4IS0QS6sTg3G9UqJpNpjBNRfELOWyosPI0GSzBOS0fnOFAFSCsWWwf8HK9yj7R1AGOfIes2bJBSZGj+3xFKDKvqo8oiiTkWAszbMmSyhpnCOw2iOrTa2tEsaA5vDsg16wdZXLHY03yqRK6dZNFmM2oEU23SD3Ji0qd5t7uwfArMVkjubjDXM2cAIsSh8RHvkfHb90GhVdOhOoBZx/P827t2bUcBVyI5+8W5v335nkQSCwEYp6ywfKZBFCHyHocqcnBwzN8NrdWBXlDXSTqc5hxC28ugHZ/8bR7el912jKNE0YTdPTsLCxugfbhUqDrS0RE8M37S5oaQe9uNiNHvLWf+cdFqreMBJmW9c+4cBmZ+WAQu+jOb5GyM+iGcxsHC8sIGUXM0vPtYtIOcCW1SZUJbyYghRAgn1OQ92TrUBQZa7W5l6Pb0c0yqtxndzW5jBKft5O37bqjPbt+/fxtC0X2gvOO3z4zXWK3//pi7WPQHa+gm7np/BMYLQHd5JY+3Ruc02hHO3p2FUw2iiMLIYdDn7uxsvR6U44eyhXSlx2nPQSOCZMDjHtOBh5rUumZROA8aM4xG1CcvE9o2Ptj56pkziBONNFs6jrjv33ePf/KfIeuuXQ+4tySS6dAo4Hz0AIUiMF/zyKmiyh3xOGVotphMTM8JwinlnTwlRdnBVZwtGmcjLWwEyftaB9W7W2kxOPcaZeFBSwHnbTDcMxYbJJWT/3wGRaJB88mOX4dC0/aJmVmJ5HLovZdv7dpeBPIIvd3s3fEgGokwTvyfUSzOyJadZKDVw6BRUJE4BUJMMxxH8STdnn5W8Z7ouLSAs8rmHR8/Ayjvj4zcvg35FHJLx+9+CEDNM7MTs8PDjz7asWv71qJPsVfee/DVZ2ejkQjjxCPaoojCSPzME8j6UtKpSTu7GuOM533wnMTgfCUJp1litrnHX+2oQgNhiNN3/P5Ix8iIKzQzQ26Qzg//x45b/7Nj10MccR8VbYVYBKVCVQpO+1px4iaL9s8k/i/Cbl9BkyiMaPpFBCdw806BtT6qGjo5frJjBO1SvRhiyA0bQo+Ldm3vFQYBJQ/BeLd+eu4r24NdcTjR2H2GKKKQgpMWgdO8TpwZDUu9p0+fdi9lhGPkn4u+qurshDLkXlHRrgder6Cr6dDMdfbO1Ezo3tnOuyMI6FmIRUWfmxFd2FUphNzq3caGEw0gxm1iek7WjbM3GacjPc6xwoh8KVzYVbn9pc/OjZwDH6ws2rGjCo36Pvp02LrjFHn5vw7MvAbm3Hu36twDYPZF9/AnbCNFAk5b7+LUDNwpdFomhhCN7EvGKaZDIV+udad8Li1PqC4vnBodBUUVbgrjvFW5fcfLL7+0Y2vR1s+/ONt56u6jLz4vKhq27tpR9665a+YawLF9tgOHXBxx74GL3hU89EB59KGJIUTe48ntFcGHJJnx3WBhv07Pb23lUydOIFvL6Ar3Tz46e/buLcC5ayuGYbNBrVJUdHE+NM0szDH0wr3HW1+69TIAxRz3LLy2ddcuYay/a9OXi709Y2NNdwtHReBE/DYRpxh+a1KqBpJxpq9X7LVgZlOL7oxDkUxgQ5tiee/ePYcvPHr4x7u3tm8vujcVmmFZjrmOeND2XadGhD2KviiqBFJ/1lb1uWC5e5BzqpsWxeFM6c4SU6/4o923MZwi6s/q0yFsaIuRyGFDAbeqqtMGvzx6DIXmS9tPoc6REOqi/wOYa2UlxFgcilDErXyAUoytczv+plf8o+CgOwvnxcShhPoTCao/0243kNSfgEVMf8LBE0b10lRh+RsRnPc+v3XKCzhsZz9FoB4/PPcVUPc70j/x16ekf3h47xHKrFVVwP6gEMUVmvnhrT/fwh66WIjNY0lU/Zkyds+K6U9Yrn+IEdE/tBcRhYalwk1h/zRvLYJA9OM/nrq1C3zvMXJSwHyu9npR3Z8eWN8WHpy58y5mf1u/kAh0YddLKOW+Vl44qgbLFdUPts7+IdTflzx3iB0S09+HcvuJKE7J1spdEHBffukloHdf4L/wO9EAABKbSURBVCtn75766jr1hw3/8NbwNDbnT4t27YJItR3b7ENw0c8f2Ubgq74sP92AJwuKwWmzJE8g5xQi+vuE4bIkfYrov91rzMgwNowWlkcu/PkRmGXzqT/e+qMQW754DAXYy1uvA2sOTUv+68/bwZghs27/410ckD+Fv9DjsFXdlbxRfrkBwSwTgxOP9CY2V0z/7bL98T4xBYux4W5heVSdQsCtGum04R0KvwAPhWD08t3rMywzPw3V9a6tyGkfVZ3Dr38OqLFWH3x2q7NrU+Eo6lITReO9yTQBLdhO3x+PxleSiZ+Y8ZU9JyYLy8vPx0b3AGfVuRGIuBByvwAffFz5GOLQ9PCE9M3rwxCZtn703wgYKN1me7QVfBgRpkrQ+Y5z5gObwEMzjKJwCjMU4rUigvZJECFKIQrS1WbehuUVMNmEmUC2R4/BP3986tSpWzuQjT7AkfTmvET6/feGH1feMtv+Bl0xV3VC4bJ16wPAdA90fuvcyH+Dix74clNh7yExOIMtSV4miibEj3/GBaL0459vlX+ZeAF0s+ull3EkglDz53DEnhiW1t0Ibfwx6sas+u2jh48ri17eDrQI5RWIRJXoezo/+kqClgoULqZvLZ6gkNTYXi1Rkv4J1asIQ/Kc1PSzpLo2bUpagtxZWfnHc1V3/+ezzz47dS5mDl0MOxPZXqn3o62PHyMGcRcxiIeVj4uE93lfRqFrorw8dapYinQGkxpLQVpRitisByWWQLIppGXyr5VvSrpi27ps0p0IsTMLkT/+9qNdnz+sst31Qpp5CIVN5HEIK5LOl5cvd4dESRkWlHIGIktER2H1MpOM0883ea08WZ/m5bnF5dkNcxdjbxJu+9uRc7eAVyQFgfMpz24ZCSazPnHhVqhAJ1OGFNMyok1iHj7IzcCGAzXJF23/DWziVnKsKxdxS7MlxfbETvBTK5cJRGkdFFLBl2neIsgsF0qdizry0cunkq+9Ub4pvX8uwxJ6VXJREzbx/L6kD5Ppp6W+tklU3JDM0qGzqVdTdzsGmOfT3y11YiqnEDWtBjM/Q7LRi8mgXeXlm95Iu6PkxOUbXZfTN+JAuSiYEkty9hQ/XxN3ESWvrmQPi9gA4/ym9I2bmL4xkRZn15dgHGK2yui0JMNEC+9Fbo2hUMpTHFSE4Urwspu0SM/emEiDYOINuMtropqaarbMpIrIEbeCfD+eH59sDuI2TUCaSNPGuTS3EGMVEUk1W04lcvptUgYlaeGEgvQRNyzgWeVfrnV7lphAOBPh5WGpsmB10rFDFPBCHbErzLRy1UB0f77GyVaeEVezhOV8skonJrq65ubeXbh69eq1a9duYIHf352b6+pKhASxTFzUFmSoHZ820DjZHAgHFKZ1DQuvmrIi65HoQKlKqcpD4ZcWMZcx0tovoUJD+KZvXh59u2bz5s01NaFQyGrleb6uDg1pb9hQV0dTNGW1hmpra10L04IBvLYGk5UIcxiB/xBaZWZe+OgXrk8pl4v9PMosQq3NKrAg1KsuF0yW898aHn1744ULGzdikDW1tUsnljBO1+vXXp/FQE94T3h4qxVw1sCj2FgzenNhU+GXYk0WiReNOHB9BGpiBS8cs1VBqESvLzOXhA2XdBkwTi1y17QrdSIyd7l288aIYJg1tSHdCZlUwOn+i4Dzde/rHmsYJ0K6Gb15YQ2ejZdok7zQxEzcOYDMVtyqDixNKiIP2TvtKMU3UaEh0dWW80ZlYsFZg5sdAyrgPOE/Eca57fUNSThrBZxhaXlXpE7xqivSKeBU4lEhZLZppw7F5CBeYYayiXCTPKewWVa61DLnDEWanYSz9vWl18N2a4zgdCfpc3PExkOudLkHi1CqMFrcROxoaHXZmrZbUsmVCmS4bCsCWirsrplmKd3ENSqu2Uk4RwGej0c4/+L+i4DzLyviBLEuv3gyXkaECpvx5CHPwvteoUVXa9qcZz8YLu7d5DwKTWZreEl6YDWFXqV4PmqGmzcn+ecPjaNGD8ZpvCYTcLpf7+ajOGMwEU64bKVm07hqpPJkfX0abS9uIm2QK0Vx+IjYtxAqQYk0x3JhbkWtotCuOjT7Kdbs5DhUG6qN5RU0VwqEJVfBCW+lNqym05FohwlqonAWlccgelFkWLqziIqUDUTAQ1cKuXVJOGNAN0LDR12uhQXEC2KCOMPsbEDQPwBcBidfR60MNLx9QiLngyiUsyaYKBKldOOiPTVXyqEbltfnzWmov8tXdbU3yr/11vRContaI6pfOR55U6ZR4y2lxKxcSRCgFQXLnJm30t5gVxNxgiCYFyaEsnRlYj8RfvVCNGTVxONc0UVtqStc17cBEdp/KPWwR3qlXbPmwjjD2kC2iHDinoM3Nm16Y9kP4d4W3H82cSFs4lbeGo9zRUsYOp66/1BgPRtKmfPlqQOh0hV3QZugwvrkIZSitmKFXhCW36zYpQKFpkD0JsL6rA1/Poxzw0qtG0kZJAurc+0bhKGB0FSFrhiKNqDAgVsJ7YwCvSm8CMR+mWLrtVhdM52AEwHFOK+u0LblghDqz1zPZqLmHFBo6umdzAqbMc5hdfJhoGC5OBj9PB7T+QSkB8o3bYqy9sWNSThra1Yz26HkKUPrV2dYoamnPbJDy1ou4IQIkqzQC9FAInSpRP7sOg8o42z5wsaof0Zwbqxd0WyXs1rsnevaG9a8hZBrU3GC5abGXBSGarA6IgoNZ5e4CSNozxaISOfPn38DQG76Ms5jb0ZjbQzn5gvWDcsbLtrVLlWdaHOw9W0kj3bw613Gch3J9G8OVc6BC5uxQqGhgSjJvXAz4Y0H3tgkyJfnEzIGuGeUIvARnBtrEDtcBmkwNdZCBbm+3fuwaOWpcxWQ5R5P6Pvr2oA7CDbUhIHGSq1oHIqTiQMHDqRmxWlBoUJWQp4Odrtxg8CDk7lC21CqkaE1SOvfuhlIEdTbqb7AxLvoDQEl0ihuo1VIn2DFl8VuJI6RXkbsL5o7rdZA5LZJbjqyzI52UqaxYO1UKCbqLEKTGsHRvm+Rzr+JSH/PhnAAwup0uham19IBEpauhcuuiEajt6xLpEWdyzmnlMojxA2qLC/VOcRyuUVKB6KxaGJioivaJJ6fvTbXtQ6ECWjnrs5ikhA2W/iG2Is2i285q4WcssZCJVHqtURp7zI0l4nfVv1q+LnPzq2/2zZZJuZuhJHeiL+M9vhd5rE7NE943oxZBaEoeTkoshPWFw26E7icvPr0MEak6yqKcPFGm3QiQBQnBMwnPJzkYA6hXIbm4mMPwkBvQGtE9eesQ7pQlIv+ZR46vIzR4iM7tOsPQoI0qeI3qY4HelwA2lW34emrMiYTN6KJBWAuE4KkjE9DKJVP+j1msIkK13L3DwPdIH6YYH0yVxduCcBMzSjC2UFP4Uidg1vQdtzLfIFguhPPymRjIkzRNgeX1aaU68skSta9dXyc1JcQmSnjoWi7Enw0yRMmEVGCvsMWPMxQySux0Wyh3oKndbaXIgt4bhJQrgd1doo5OOjpSCc+qYPmk1XK+PIIkftkpRX7FkguvoSAzrlLDQg622JZ40kP65MRfE4H7axI5HwUPkwn52mdpohcNC/+YCKut1Shcfg4KUXzwaFnf8qzF5+9R9MVyp5Eu2Igvz8V5xRkfwmUorFYxLUaFBqXp6IHjbJKD6c5KfKJxTwUDDBoaIBq1BoSFMr1qQjVkxy8kix+LaGKnu3FNQJMn8egqMCDpBCNnqmTdlr2ofjD9GpKnf2Z8QpFBylmEU/VnNCxmOG9KFlAaPD5NApDY/hCy7O0Xa9FCA10s4EwTBKG2Dw3dDCmPN/+VL/NrFISWjz2C6RZYfC44Edr5NHS1L5npVJbcIgP9x6w/IBBqSCiJ+dyjc/ioFN8bC0yGq6fKG105SkSUg0kmLZn4KVmr6U9dmIZyfnAewp8Am7Wk/dMTuhFpy0bgOlCrTfpzFPEl2s0xF1Q6ZqOTBIjVcGhABt/IDDN9qIIiEeuEcxncuLyQQEo6nHSKkonY/0prAPt5YSO6F37EReriG3I4mBJtOV5/MnHEBc0LpriPBXAD55eRokXzHR7ONaXp82LK2FoX8UAagoJNenQWk4jW1VsbZZ2tJkjzU5WJAD1aPI8tADzSWuxlQQDHeAYyueM800aOAOFj/Wgpe1PCSmg3IdnZ3G+UqUhoXOVa3WwXGveM4QpAC3oZ8m4+ojiBpSK/mMqP4r3FEMB0ie23k6EEmEjA/0FCmVzAgeiGFo4Df3ZGK0gyEdVfXEnPaN5oIpMT68qzyVsYABIg8GRJ0mnVUOW47xwujztyytVKlSJZSfJDRieMUw0x1FJqFR8rPsCrFZR6inQxsIvQzuGLG3rNF+b1xL0UWwEGDfJ9ygTSS1N9xc8oyPf48WuyiLkGl80WQ8QhELRRyQUqCQbAKV61wzV5g1a9rWgnaJjsZymgX3F9WcwvFL1TA58TxazAr4nr1fYFpDxGVQ9SoUixsZIGu9CyJAtxy3BtirRBmzuBJCHHViVZPxZ74ynVBHrQ4a8oiSy1jC17QnEXwJhtx+dekpSpcRYq1KhbY42hNZMCphJlmxpD1qGvFVpiRJgHLIEjzvC9kry7oq4UQAgYJnu8AwmrhcCrYqwP3uQSPajaKSF3ML2lGpYZLcx52zUaqPL8EiG5R3HgxZLG4BdVrNmW5W3LWgJ7nME6KhTQvSJ9wOSAsvFsy4Yqg9cs+RpnDosTiDsyuUVzRzJuht5YGJxNQTYcKREJMHNSMBKtTiOD1ksluBQm9c7MlIFMjLi9bYBQLi4r72FZ1g6sawEYDGFso1aQslgm80k5FuebaBNFDuhhUzax7MsFEfxVusrjRYUJM9yJIVCCvgsS/POFkd7+/F9hw8PDR0+fPh4e7vD4eRJeAVvqYO2TV3uLgJuwkXT7ECenMh6ap0kIqUpR05kVjRyJNeq4OJaFAuO3EBFf4CiIyfGkWinPAAcFgb+wJsGCaGVc/X2xOZlcYQifiUCPDGacxgg/pV0P/tOmiQ5mJ+FVBrg2LizgV0G8FUqEj8UeVRvRX9kFTRJk/HGSZLxpypMagoyC6LL2phGFRG/2BYC8IBGTii3PIv6JJ2Y/aBSZcUkEyMNkE1Lo4u7kW6PaRXRE0SdDrS5VdQ2KT7ARwNWQKNs7ddWRKGxBkXciSE0lNQqQl6isD8HmBI0jx5MSVvgiZomxKTYoBOrVSicpUTk5A920lBqiPRLklSFwWDIi+iMDBiUrY5eV0y/vUplhL2TnEsBRC/raw1AiWJu2qKEXNoXPtCQnVSqoptRQTogetzKqH65QaWitCKiULJAoQC7jgRqTqXQTrriPQAqeSE+cfwAUAN5vtr+3GCCVCtKwHg1/U7QKShJWRrr5eBBR1qFKtpL2E+UUtHgwqoUfXypNvIQmEYNoSzVemKGO6mtQPuxcXxPHjKaJxqtfiqyJ18LkTev38XRpHMgtncR7SpQ9sSsD7mriovxN4VCSRlKIxPrKNbXD5VJXnQSJsn3O1lAOYlQZuXUf+1hNlXM9TnQFkDq4NjYsaOQBLWKvrj0wCHe5I7M/AHUCgXRH9f3fczVrFXGFhKTLMMFegSUfvvzxiiIvWkL5JhMjcLDRMkbmKISIYkxQqDj0cCDkg682hez415D3rG+uCjGcI5+AWX310LaxQkghTYpC4DER2bTs27AGXVAHJb6A1G7ZAcIDWfIjJo57dFqPf2ENrxzPUe1Kg3KbxpKJPb6LeCnclVeXyPFIbbK9lRolbEp2RCWiJ6YWbM9hIZSKWNkgC5VFmjxwDlwJt9ABdyMUG3xf8NQIjHvKUEUSamt6PcgqBzp641RORJS6YArpk+30sDHda5TJA/ED/X9ML6eigJkHCVb6u3PG9MKcrAbKZXILKjob0SEkGUSdq9XGqL6Y3qVBYE+VdzxYSTaqpf3DOQhHitX5Sj2fgNi7Ipi30Pkq8CxMrUaVY+H5zh0ZhECS7p6BvoV0a0BaUitrsmeyN9A8Dne16vIK8Ag80vqv4EGmyTV9Vk5WiVqboFGO9DqgPKMBbTgdhwXp194BOjYFYSQo1yNPQqNAdkCgMxv+pprr3VL9X5FTkkWbrXWoFH1Tzb6nLywhzTYMgjL4j9oyulodPcTGkOpCr07S5ujrP9rASmIfW9TVk4JMmFCrkRoNQair3+gZ7IXyyRYcZ+iAK4WaDPl6E1ZJfkl3Xvsz7vd6xH73npFfn6JNkuJkADeTJVKGxaVKlO4CklSVZKfQzTtrf4mB550Yq7eu99PlOQAXK0qCxALAvrLylJpAWB+Vnf9XzfEODHbqw/u2V/v71bItSUgWqVC7W/av2dvtf3/E4SpYjavcDLoC3lS+X8SebZbb22i6gAAAABJRU5ErkJggg==', '', NULL, NULL, NULL, '', '', NULL, NULL, NULL, NULL, NULL, 'Bosna i Hercegovina', NULL, NULL, NULL, NULL, NULL, true, '2025-12-03 09:37:31', '2025-12-03 14:41:20');
INSERT INTO public.institutions (id, name, address, city, phone, email, website, institution_type, accreditation_status, logo_url, ownership_type, founded_on, accreditation_valid_from, accreditation_valid_to, competent_authority, notes, registration_number, tax_id, short_name, municipality, postal_code, country, founder_name, founding_act_reference, head_name, head_title, fax, is_active, created_at, updated_at) VALUES ('inst-002', 'Univerzitet u Tuzli', 'Univerzitetska 4', 'Tuzla', '+387 35 320 800', 'info@untz.ba', 'https://www.untz.ba', 'university', 'accredited', '/logos/univerzitet-u-tuzli.svg', NULL, NULL, NULL, NULL, NULL, NULL, NULL, NULL, NULL, NULL, NULL, 'Bosna i Hercegovina', NULL, NULL, NULL, NULL, NULL, true, '2025-12-03 09:37:31', '2025-12-03 11:27:28');
INSERT INTO public.institutions (id, name, address, city, phone, email, website, institution_type, accreditation_status, logo_url, ownership_type, founded_on, accreditation_valid_from, accreditation_valid_to, competent_authority, notes, registration_number, tax_id, short_name, municipality, postal_code, country, founder_name, founding_act_reference, head_name, head_title, fax, is_active, created_at, updated_at) VALUES ('inst-003', 'Univerzitet u Mostaru', 'Matice hrvatske bb', 'Mostar', '+387 36 350 800', 'info@unmo.ba', 'https://www.unmo.ba', 'university', 'accredited', '/logos/univerzitet-u-mostaru.svg', NULL, NULL, NULL, NULL, NULL, NULL, NULL, NULL, NULL, NULL, NULL, 'Bosna i Hercegovina', NULL, NULL, NULL, NULL, NULL, true, '2025-12-03 09:37:31', '2025-12-03 11:27:28');
INSERT INTO public.institutions (id, name, address, city, phone, email, website, institution_type, accreditation_status, logo_url, ownership_type, founded_on, accreditation_valid_from, accreditation_valid_to, competent_authority, notes, registration_number, tax_id, short_name, municipality, postal_code, country, founder_name, founding_act_reference, head_name, head_title, fax, is_active, created_at, updated_at) VALUES ('inst-004', 'Internacionalni Univerzitet Burch', 'Ilidža 1', 'Sarajevo', '+387 33 957 000', 'info@ibu.edu.ba', 'https://www.ibu.edu.ba', 'university', 'accredited', '/logos/internacionalni-univerzitet-burch.svg', NULL, NULL, NULL, NULL, NULL, NULL, NULL, NULL, NULL, NULL, NULL, 'Bosna i Hercegovina', NULL, NULL, NULL, NULL, NULL, true, '2025-12-03 09:37:31', '2025-12-03 11:27:28');
INSERT INTO public.institutions (id, name, address, city, phone, email, website, institution_type, accreditation_status, logo_url, ownership_type, founded_on, accreditation_valid_from, accreditation_valid_to, competent_authority, notes, registration_number, tax_id, short_name, municipality, postal_code, country, founder_name, founding_act_reference, head_name, head_title, fax, is_active, created_at, updated_at) VALUES ('inst-005', 'Univerzitet u Banjoj Luci', 'Bulevar vojvode Petra Bojovića 1A', 'Banja Luka', '+387 51 321 000', 'info@unibl.org', 'https://www.unibl.org', 'university', 'accredited', '/logos/univerzitet-u-banjoj-luci.svg', NULL, NULL, NULL, NULL, NULL, NULL, NULL, NULL, NULL, NULL, NULL, 'Bosna i Hercegovina', NULL, NULL, NULL, NULL, NULL, true, '2025-12-03 09:47:46', '2025-12-03 11:27:28');
INSERT INTO public.institutions (id, name, address, city, phone, email, website, institution_type, accreditation_status, logo_url, ownership_type, founded_on, accreditation_valid_from, accreditation_valid_to, competent_authority, notes, registration_number, tax_id, short_name, municipality, postal_code, country, founder_name, founding_act_reference, head_name, head_title, fax, is_active, created_at, updated_at) VALUES ('inst-006', 'Univerzitet u Zenici', 'Fakultetska 3', 'Zenica', '+387 32 444 000', 'info@unze.ba', 'https://www.unze.ba', 'university', 'accredited', '/logos/univerzitet-u-zenici.svg', NULL, NULL, NULL, NULL, NULL, NULL, NULL, NULL, NULL, NULL, NULL, 'Bosna i Hercegovina', NULL, NULL, NULL, NULL, NULL, true, '2025-12-03 09:47:46', '2025-12-03 11:27:28');
INSERT INTO public.institutions (id, name, address, city, phone, email, website, institution_type, accreditation_status, logo_url, ownership_type, founded_on, accreditation_valid_from, accreditation_valid_to, competent_authority, notes, registration_number, tax_id, short_name, municipality, postal_code, country, founder_name, founding_act_reference, head_name, head_title, fax, is_active, created_at, updated_at) VALUES ('inst-007', 'Univerzitet u Istočnom Sarajevu', 'Vuka Karadžića 30', 'Istočno Sarajevo', '+387 57 320 100', 'info@ues.rs.ba', 'https://www.ues.rs.ba', 'university', 'accredited', '/logos/univerzitet-u-isto-nom-sarajevu.svg', NULL, NULL, NULL, NULL, NULL, NULL, NULL, NULL, NULL, NULL, NULL, 'Bosna i Hercegovina', NULL, NULL, NULL, NULL, NULL, true, '2025-12-03 09:47:46', '2025-12-03 11:27:28');
INSERT INTO public.institutions (id, name, address, city, phone, email, website, institution_type, accreditation_status, logo_url, ownership_type, founded_on, accreditation_valid_from, accreditation_valid_to, competent_authority, notes, registration_number, tax_id, short_name, municipality, postal_code, country, founder_name, founding_act_reference, head_name, head_title, fax, is_active, created_at, updated_at) VALUES ('inst-008', 'Univerzitet u Bihaću', 'Luke Marjanovića bb', 'Bihać', '+387 37 221 000', 'info@unbi.ba', 'https://www.unbi.ba', 'university', 'accredited', '/logos/univerzitet-u-biha-u.svg', NULL, NULL, NULL, NULL, NULL, NULL, NULL, NULL, NULL, NULL, NULL, 'Bosna i Hercegovina', NULL, NULL, NULL, NULL, NULL, true, '2025-12-03 09:47:46', '2025-12-03 11:27:28');
INSERT INTO public.institutions (id, name, address, city, phone, email, website, institution_type, accreditation_status, logo_url, ownership_type, founded_on, accreditation_valid_from, accreditation_valid_to, competent_authority, notes, registration_number, tax_id, short_name, municipality, postal_code, country, founder_name, founding_act_reference, head_name, head_title, fax, is_active, created_at, updated_at) VALUES ('inst-009', 'Internacionalni Univerzitet Sarajevo (IUS)', 'Hrasnička cesta 15', 'Sarajevo', '+387 33 957 175', 'info@ius.edu.ba', 'https://www.ius.edu.ba', 'university', 'accredited', '/logos/internacionalni-univerzitet-sarajevo-ius.svg', NULL, NULL, NULL, NULL, NULL, NULL, NULL, NULL, NULL, NULL, NULL, 'Bosna i Hercegovina', NULL, NULL, NULL, NULL, NULL, true, '2025-12-03 09:47:46', '2025-12-03 11:27:28');
INSERT INTO public.institutions (id, name, address, city, phone, email, website, institution_type, accreditation_status, logo_url, ownership_type, founded_on, accreditation_valid_from, accreditation_valid_to, competent_authority, notes, registration_number, tax_id, short_name, municipality, postal_code, country, founder_name, founding_act_reference, head_name, head_title, fax, is_active, created_at, updated_at) VALUES ('inst-010', 'Univerzitet Sarajevo School of Science and Technology (SSST)', 'Hrasnička cesta 3', 'Sarajevo', '+387 33 975 000', 'info@ssst.edu.ba', 'https://www.ssst.edu.ba', 'college', 'accredited', '/logos/univerzitet-sarajevo-school-of-science-and-technology-ssst.svg', NULL, NULL, NULL, NULL, NULL, NULL, NULL, NULL, NULL, NULL, NULL, 'Bosna i Hercegovina', NULL, NULL, NULL, NULL, NULL, true, '2025-12-03 09:47:46', '2025-12-03 11:27:28');
INSERT INTO public.institutions (id, name, address, city, phone, email, website, institution_type, accreditation_status, logo_url, ownership_type, founded_on, accreditation_valid_from, accreditation_valid_to, competent_authority, notes, registration_number, tax_id, short_name, municipality, postal_code, country, founder_name, founding_act_reference, head_name, head_title, fax, is_active, created_at, updated_at) VALUES ('inst-011', 'Univerzitet "Džemal Bijedić" u Mostaru', 'Univerzitetski kampus bb', 'Mostar', '+387 36 253 000', 'info@unmo.ba', 'https://www.unmo.ba', 'university', 'accredited', '/logos/univerzitet-d-emal-bijedi-u-mostaru.svg', NULL, NULL, NULL, NULL, NULL, NULL, NULL, NULL, NULL, NULL, NULL, 'Bosna i Hercegovina', NULL, NULL, NULL, NULL, NULL, true, '2025-12-03 09:47:46', '2025-12-03 11:27:28');
INSERT INTO public.institutions (id, name, address, city, phone, email, website, institution_type, accreditation_status, logo_url, ownership_type, founded_on, accreditation_valid_from, accreditation_valid_to, competent_authority, notes, registration_number, tax_id, short_name, municipality, postal_code, country, founder_name, founding_act_reference, head_name, head_title, fax, is_active, created_at, updated_at) VALUES ('inst-012', 'Univerzitet u Travniku', 'Aleja konzula bb', 'Travnik', '+387 30 333 000', 'info@unt.ba', 'https://www.unt.ba', 'university', 'accredited', '/logos/univerzitet-u-travniku.svg', NULL, NULL, NULL, NULL, NULL, NULL, NULL, NULL, NULL, NULL, NULL, 'Bosna i Hercegovina', NULL, NULL, NULL, NULL, NULL, true, '2025-12-03 09:47:46', '2025-12-03 11:27:28');
INSERT INTO public.institutions (id, name, address, city, phone, email, website, institution_type, accreditation_status, logo_url, ownership_type, founded_on, accreditation_valid_from, accreditation_valid_to, competent_authority, notes, registration_number, tax_id, short_name, municipality, postal_code, country, founder_name, founding_act_reference, head_name, head_title, fax, is_active, created_at, updated_at) VALUES ('inst-od-0', 'OD', '', 'DO', '', '', '', 'university', 'accredited', '/logos/od.svg', NULL, NULL, NULL, NULL, NULL, NULL, NULL, NULL, NULL, NULL, NULL, 'Bosna i Hercegovina', NULL, NULL, NULL, NULL, NULL, true, '2025-12-03 10:01:31', '2025-12-03 11:27:28');
INSERT INTO public.institutions (id, name, address, city, phone, email, website, institution_type, accreditation_status, logo_url, ownership_type, founded_on, accreditation_valid_from, accreditation_valid_to, competent_authority, notes, registration_number, tax_id, short_name, municipality, postal_code, country, founder_name, founding_act_reference, head_name, head_title, fax, is_active, created_at, updated_at) VALUES ('inst-univerzitet-u-sarajevu-1', 'Univerzitet u Sarajevu', '', 'Sarajevo', '', '', 'https://hea.gov.ba/Content/Read/unsa', 'university', 'accredited', '/logos/univerzitet-u-sarajevu.svg', NULL, NULL, NULL, NULL, NULL, NULL, NULL, NULL, NULL, NULL, NULL, 'Bosna i Hercegovina', NULL, NULL, NULL, NULL, NULL, true, '2025-12-03 10:01:31', '2025-12-03 11:27:28');
INSERT INTO public.institutions (id, name, address, city, phone, email, website, institution_type, accreditation_status, logo_url, ownership_type, founded_on, accreditation_valid_from, accreditation_valid_to, competent_authority, notes, registration_number, tax_id, short_name, municipality, postal_code, country, founder_name, founding_act_reference, head_name, head_title, fax, is_active, created_at, updated_at) VALUES ('inst-univerzitet-u-banjoj-luc-2', 'Univerzitet u Banjoj Luci', '', 'Banja Luka', '', '', 'https://hea.gov.ba/Content/Read/univerzitet-bl', 'university', 'accredited', '/logos/univerzitet-u-banjoj-luci.svg', NULL, NULL, NULL, NULL, NULL, NULL, NULL, NULL, NULL, NULL, NULL, 'Bosna i Hercegovina', NULL, NULL, NULL, NULL, NULL, true, '2025-12-03 10:01:31', '2025-12-03 11:27:28');
INSERT INTO public.institutions (id, name, address, city, phone, email, website, institution_type, accreditation_status, logo_url, ownership_type, founded_on, accreditation_valid_from, accreditation_valid_to, competent_authority, notes, registration_number, tax_id, short_name, municipality, postal_code, country, founder_name, founding_act_reference, head_name, head_title, fax, is_active, created_at, updated_at) VALUES ('inst-univerzitet-u-tuzli-3', 'Univerzitet u Tuzli', '', 'Tuzla', '', '', 'https://hea.gov.ba/Content/Read/univerzitet-tuzla', 'university', 'accredited', '/logos/univerzitet-u-tuzli.svg', NULL, NULL, NULL, NULL, NULL, NULL, NULL, NULL, NULL, NULL, NULL, 'Bosna i Hercegovina', NULL, NULL, NULL, NULL, NULL, true, '2025-12-03 10:01:31', '2025-12-03 11:27:28');
INSERT INTO public.institutions (id, name, address, city, phone, email, website, institution_type, accreditation_status, logo_url, ownership_type, founded_on, accreditation_valid_from, accreditation_valid_to, competent_authority, notes, registration_number, tax_id, short_name, municipality, postal_code, country, founder_name, founding_act_reference, head_name, head_title, fax, is_active, created_at, updated_at) VALUES ('inst-univerzitet-d-emal-bijed-4', 'Univerzitet Džemal Bijedić', '', 'Mostar', '', '', 'https://hea.gov.ba/Content/Read/dzemal-bijedic', 'university', 'accredited', '/logos/univerzitet-d-emal-bijedi.svg', NULL, NULL, NULL, NULL, NULL, NULL, NULL, NULL, NULL, NULL, NULL, 'Bosna i Hercegovina', NULL, NULL, NULL, NULL, NULL, true, '2025-12-03 10:01:31', '2025-12-03 11:27:28');
INSERT INTO public.institutions (id, name, address, city, phone, email, website, institution_type, accreditation_status, logo_url, ownership_type, founded_on, accreditation_valid_from, accreditation_valid_to, competent_authority, notes, registration_number, tax_id, short_name, municipality, postal_code, country, founder_name, founding_act_reference, head_name, head_title, fax, is_active, created_at, updated_at) VALUES ('inst-sveu-ili-te-u-mostaru-5', 'Sveučilište u Mostaru', '', 'Mostar', '', '', 'https://hea.gov.ba/Content/Read/sveuciliste-mostar', 'university', 'accredited', '/logos/sveu-ili-te-u-mostaru.svg', NULL, NULL, NULL, NULL, NULL, NULL, NULL, NULL, NULL, NULL, NULL, 'Bosna i Hercegovina', NULL, NULL, NULL, NULL, NULL, true, '2025-12-03 10:01:31', '2025-12-03 11:27:28');
INSERT INTO public.institutions (id, name, address, city, phone, email, website, institution_type, accreditation_status, logo_url, ownership_type, founded_on, accreditation_valid_from, accreditation_valid_to, competent_authority, notes, registration_number, tax_id, short_name, municipality, postal_code, country, founder_name, founding_act_reference, head_name, head_title, fax, is_active, created_at, updated_at) VALUES ('inst-univerzitet-u-isto-nom-s-6', 'Univerzitet u Istočnom Sarajevu', '', 'Istočno Sarajevo', '', '', 'https://hea.gov.ba/Content/Read/univerzitet-istocno-sarajevo', 'university', 'accredited', '/logos/univerzitet-u-isto-nom-sarajevu.svg', NULL, NULL, NULL, NULL, NULL, NULL, NULL, NULL, NULL, NULL, NULL, 'Bosna i Hercegovina', NULL, NULL, NULL, NULL, NULL, true, '2025-12-03 10:01:31', '2025-12-03 11:27:28');
INSERT INTO public.institutions (id, name, address, city, phone, email, website, institution_type, accreditation_status, logo_url, ownership_type, founded_on, accreditation_valid_from, accreditation_valid_to, competent_authority, notes, registration_number, tax_id, short_name, municipality, postal_code, country, founder_name, founding_act_reference, head_name, head_title, fax, is_active, created_at, updated_at) VALUES ('inst-univerzitet-u-biha-u-7', 'Univerzitet u Bihaću', '', 'Bihać', '', '', 'https://hea.gov.ba/Content/Read/univerzitet-bihac', 'university', 'accredited', '/logos/univerzitet-u-biha-u.svg', NULL, NULL, NULL, NULL, NULL, NULL, NULL, NULL, NULL, NULL, NULL, 'Bosna i Hercegovina', NULL, NULL, NULL, NULL, NULL, true, '2025-12-03 10:01:31', '2025-12-03 11:27:28');
INSERT INTO public.institutions (id, name, address, city, phone, email, website, institution_type, accreditation_status, logo_url, ownership_type, founded_on, accreditation_valid_from, accreditation_valid_to, competent_authority, notes, registration_number, tax_id, short_name, municipality, postal_code, country, founder_name, founding_act_reference, head_name, head_title, fax, is_active, created_at, updated_at) VALUES ('inst-univerzitet-u-zenici-8', 'Univerzitet u Zenici', '', 'Zenica', '', '', 'https://hea.gov.ba/Content/Read/univerzitet-zenica', 'university', 'accredited', '/logos/univerzitet-u-zenici.svg', NULL, NULL, NULL, NULL, NULL, NULL, NULL, NULL, NULL, NULL, NULL, 'Bosna i Hercegovina', NULL, NULL, NULL, NULL, NULL, true, '2025-12-03 10:01:31', '2025-12-03 11:27:28');
INSERT INTO public.institutions (id, name, address, city, phone, email, website, institution_type, accreditation_status, logo_url, ownership_type, founded_on, accreditation_valid_from, accreditation_valid_to, competent_authority, notes, registration_number, tax_id, short_name, municipality, postal_code, country, founder_name, founding_act_reference, head_name, head_title, fax, is_active, created_at, updated_at) VALUES ('inst-internacionalni-univerzi-9', 'Internacionalni univerzitet u Sarajevu', '', 'Sarajevo', '', '', 'https://hea.gov.ba/Content/Read/ius', 'university', 'accredited', '/logos/internacionalni-univerzitet-u-sarajevu.svg', NULL, NULL, NULL, NULL, NULL, NULL, NULL, NULL, NULL, NULL, NULL, 'Bosna i Hercegovina', NULL, NULL, NULL, NULL, NULL, true, '2025-12-03 10:01:31', '2025-12-03 11:27:28');
INSERT INTO public.institutions (id, name, address, city, phone, email, website, institution_type, accreditation_status, logo_url, ownership_type, founded_on, accreditation_valid_from, accreditation_valid_to, competent_authority, notes, registration_number, tax_id, short_name, municipality, postal_code, country, founder_name, founding_act_reference, head_name, head_title, fax, is_active, created_at, updated_at) VALUES ('inst-univerzitet-u-travniku-10', 'Univerzitet u Travniku', '', 'Travnik', '', '', 'https://hea.gov.ba/Content/Read/univerzitet-travnik', 'university', 'accredited', '/logos/univerzitet-u-travniku.svg', NULL, NULL, NULL, NULL, NULL, NULL, NULL, NULL, NULL, NULL, NULL, 'Bosna i Hercegovina', NULL, NULL, NULL, NULL, NULL, true, '2025-12-03 10:01:31', '2025-12-03 11:27:28');
INSERT INTO public.institutions (id, name, address, city, phone, email, website, institution_type, accreditation_status, logo_url, ownership_type, founded_on, accreditation_valid_from, accreditation_valid_to, competent_authority, notes, registration_number, tax_id, short_name, municipality, postal_code, country, founder_name, founding_act_reference, head_name, head_title, fax, is_active, created_at, updated_at) VALUES ('inst-univerzitet-za-poslovne--11', '“Univerzitet za poslovne studije” Banja Luka', '', 'Banja Luka', '', '', 'https://hea.gov.ba/Content/Read/univerzitet-za-poslovne-studije-bl', 'university', 'accredited', '/logos/univerzitet-za-poslovne-studije-banja-luka.svg', NULL, NULL, NULL, NULL, NULL, NULL, NULL, NULL, NULL, NULL, NULL, 'Bosna i Hercegovina', NULL, NULL, NULL, NULL, NULL, true, '2025-12-03 10:01:31', '2025-12-03 11:27:28');
INSERT INTO public.institutions (id, name, address, city, phone, email, website, institution_type, accreditation_status, logo_url, ownership_type, founded_on, accreditation_valid_from, accreditation_valid_to, competent_authority, notes, registration_number, tax_id, short_name, municipality, postal_code, country, founder_name, founding_act_reference, head_name, head_title, fax, is_active, created_at, updated_at) VALUES ('inst-slobomir-p-univerzitet-12', 'Slobomir P Univerzitet', '', 'Slobomir, Bijeljina', '', '', 'https://hea.gov.ba/Content/Read/slobomir-p', 'university', 'accredited', '/logos/slobomir-p-univerzitet.svg', NULL, NULL, NULL, NULL, NULL, NULL, NULL, NULL, NULL, NULL, NULL, 'Bosna i Hercegovina', NULL, NULL, NULL, NULL, NULL, true, '2025-12-03 10:01:31', '2025-12-03 11:27:28');
INSERT INTO public.institutions (id, name, address, city, phone, email, website, institution_type, accreditation_status, logo_url, ownership_type, founded_on, accreditation_valid_from, accreditation_valid_to, competent_authority, notes, registration_number, tax_id, short_name, municipality, postal_code, country, founder_name, founding_act_reference, head_name, head_title, fax, is_active, created_at, updated_at) VALUES ('inst-nezavisni-univerzitet-ba-13', 'Nezavisni univerzitet Banja Luka', '', 'Banja Luka', '', '', 'https://hea.gov.ba/Content/Read/nezavisni-univerzitet-bl', 'university', 'accredited', '/logos/nezavisni-univerzitet-banja-luka.svg', NULL, NULL, NULL, NULL, NULL, NULL, NULL, NULL, NULL, NULL, NULL, 'Bosna i Hercegovina', NULL, NULL, NULL, NULL, NULL, true, '2025-12-03 10:01:31', '2025-12-03 11:27:28');
INSERT INTO public.institutions (id, name, address, city, phone, email, website, institution_type, accreditation_status, logo_url, ownership_type, founded_on, accreditation_valid_from, accreditation_valid_to, competent_authority, notes, registration_number, tax_id, short_name, municipality, postal_code, country, founder_name, founding_act_reference, head_name, head_title, fax, is_active, created_at, updated_at) VALUES ('inst-panevropski-univerzitet--14', 'Panevropski univerzitet “Apeiron” Banja Luka', '', 'Banja Luka', '', '', 'https://hea.gov.ba/Content/Read/apeiron', 'university', 'accredited', '/logos/panevropski-univerzitet-apeiron-banja-luka.svg', NULL, NULL, NULL, NULL, NULL, NULL, NULL, NULL, NULL, NULL, NULL, 'Bosna i Hercegovina', NULL, NULL, NULL, NULL, NULL, true, '2025-12-03 10:01:31', '2025-12-03 11:27:28');
INSERT INTO public.institutions (id, name, address, city, phone, email, website, institution_type, accreditation_status, logo_url, ownership_type, founded_on, accreditation_valid_from, accreditation_valid_to, competent_authority, notes, registration_number, tax_id, short_name, municipality, postal_code, country, founder_name, founding_act_reference, head_name, head_title, fax, is_active, created_at, updated_at) VALUES ('inst-univerzitet-za-poslovni--15', 'Univerzitet za poslovni inženjering i menadžment', '', 'Banja Luka', '', '', 'https://hea.gov.ba/Content/Read/upim', 'university', 'accredited', '/logos/univerzitet-za-poslovni-in-enjering-i-menad-ment.svg', NULL, NULL, NULL, NULL, NULL, NULL, NULL, NULL, NULL, NULL, NULL, 'Bosna i Hercegovina', NULL, NULL, NULL, NULL, NULL, true, '2025-12-03 10:01:31', '2025-12-03 11:27:28');
INSERT INTO public.institutions (id, name, address, city, phone, email, website, institution_type, accreditation_status, logo_url, ownership_type, founded_on, accreditation_valid_from, accreditation_valid_to, competent_authority, notes, registration_number, tax_id, short_name, municipality, postal_code, country, founder_name, founding_act_reference, head_name, head_title, fax, is_active, created_at, updated_at) VALUES ('inst-univerzitet-sinergija-bi-16', 'Univerzitet Sinergija Bijeljina', '', 'Bijeljina', '', '', 'https://hea.gov.ba/Content/Read/univerzitet-sinergija-bijeljina', 'university', 'accredited', '/logos/univerzitet-sinergija-bijeljina.svg', NULL, NULL, NULL, NULL, NULL, NULL, NULL, NULL, NULL, NULL, NULL, 'Bosna i Hercegovina', NULL, NULL, NULL, NULL, NULL, true, '2025-12-03 10:01:31', '2025-12-03 11:27:28');
INSERT INTO public.institutions (id, name, address, city, phone, email, website, institution_type, accreditation_status, logo_url, ownership_type, founded_on, accreditation_valid_from, accreditation_valid_to, competent_authority, notes, registration_number, tax_id, short_name, municipality, postal_code, country, founder_name, founding_act_reference, head_name, head_title, fax, is_active, created_at, updated_at) VALUES ('inst-univerzitet-sarajevo-sch-17', 'Univerzitet Sarajevo School of Science and Technology (Univerzitet – Sarajevska škola za nauku i tehnologiju)', '', 'Sarajevo', '', '', 'https://hea.gov.ba/Content/Read/ssst', 'university', 'accredited', '/logos/univerzitet-sarajevo-school-of-science-and-technology-univerzitet-sarajevska-kola-za-nauku-i-tehnologiju.svg', NULL, NULL, NULL, NULL, NULL, NULL, NULL, NULL, NULL, NULL, NULL, 'Bosna i Hercegovina', NULL, NULL, NULL, NULL, NULL, true, '2025-12-03 10:01:31', '2025-12-03 11:27:28');
INSERT INTO public.institutions (id, name, address, city, phone, email, website, institution_type, accreditation_status, logo_url, ownership_type, founded_on, accreditation_valid_from, accreditation_valid_to, competent_authority, notes, registration_number, tax_id, short_name, municipality, postal_code, country, founder_name, founding_act_reference, head_name, head_title, fax, is_active, created_at, updated_at) VALUES ('inst-sveu-ili-te-univerzitet--18', '*Sveučilište/Univerzitet “Vitez”', '', 'Travnik', '', '', 'https://hea.gov.ba/Content/Read/univerzitet-vitez', 'university', 'accredited', '/logos/sveu-ili-te-univerzitet-vitez.svg', NULL, NULL, NULL, NULL, NULL, NULL, NULL, NULL, NULL, NULL, NULL, 'Bosna i Hercegovina', NULL, NULL, NULL, NULL, NULL, true, '2025-12-03 10:01:31', '2025-12-03 11:27:28');
INSERT INTO public.institutions (id, name, address, city, phone, email, website, institution_type, accreditation_status, logo_url, ownership_type, founded_on, accreditation_valid_from, accreditation_valid_to, competent_authority, notes, registration_number, tax_id, short_name, municipality, postal_code, country, founder_name, founding_act_reference, head_name, head_title, fax, is_active, created_at, updated_at) VALUES ('inst-internacionalni-bur-univ-19', 'Internacionalni Burč univerzitet', '', 'Sarajevo', '', '', 'https://hea.gov.ba/Content/Read/burch', 'university', 'accredited', '/logos/internacionalni-bur-univerzitet.svg', NULL, NULL, NULL, NULL, NULL, NULL, NULL, NULL, NULL, NULL, NULL, 'Bosna i Hercegovina', NULL, NULL, NULL, NULL, NULL, true, '2025-12-03 10:01:31', '2025-12-03 11:27:28');
INSERT INTO public.institutions (id, name, address, city, phone, email, website, institution_type, accreditation_status, logo_url, ownership_type, founded_on, accreditation_valid_from, accreditation_valid_to, competent_authority, notes, registration_number, tax_id, short_name, municipality, postal_code, country, founder_name, founding_act_reference, head_name, head_title, fax, is_active, created_at, updated_at) VALUES ('inst-internacionalni-univerzi-20', 'Internacionalni univerzitet Travnik', '', 'Travnik', '', '', 'https://hea.gov.ba/Content/Read/iut', 'university', 'accredited', '/logos/internacionalni-univerzitet-travnik.svg', NULL, NULL, NULL, NULL, NULL, NULL, NULL, NULL, NULL, NULL, NULL, 'Bosna i Hercegovina', NULL, NULL, NULL, NULL, NULL, true, '2025-12-03 10:01:31', '2025-12-03 11:27:29');
INSERT INTO public.institutions (id, name, address, city, phone, email, website, institution_type, accreditation_status, logo_url, ownership_type, founded_on, accreditation_valid_from, accreditation_valid_to, competent_authority, notes, registration_number, tax_id, short_name, municipality, postal_code, country, founder_name, founding_act_reference, head_name, head_title, fax, is_active, created_at, updated_at) VALUES ('inst-sveu-ili-te-hercegovina-21', 'Sveučilište Hercegovina', '', 'Mostar', '', '', 'https://hea.gov.ba/Content/Read/sveuciliste-hercegovina', 'university', 'accredited', '/logos/sveu-ili-te-hercegovina.svg', NULL, NULL, NULL, NULL, NULL, NULL, NULL, NULL, NULL, NULL, NULL, 'Bosna i Hercegovina', NULL, NULL, NULL, NULL, NULL, true, '2025-12-03 10:01:31', '2025-12-03 11:27:29');
INSERT INTO public.institutions (id, name, address, city, phone, email, website, institution_type, accreditation_status, logo_url, ownership_type, founded_on, accreditation_valid_from, accreditation_valid_to, competent_authority, notes, registration_number, tax_id, short_name, municipality, postal_code, country, founder_name, founding_act_reference, head_name, head_title, fax, is_active, created_at, updated_at) VALUES ('inst-evropski-univerzitet-br--22', 'Evropski univerzitet, Brčko distrikt BiH', '', 'Brčko', '', '', 'https://hea.gov.ba/Content/Read/eu-brcko', 'university', 'accredited', '/logos/evropski-univerzitet-br-ko-distrikt-bih.svg', NULL, NULL, NULL, NULL, NULL, NULL, NULL, NULL, NULL, NULL, NULL, 'Bosna i Hercegovina', NULL, NULL, NULL, NULL, NULL, true, '2025-12-03 10:01:31', '2025-12-03 11:27:29');
INSERT INTO public.institutions (id, name, address, city, phone, email, website, institution_type, accreditation_status, logo_url, ownership_type, founded_on, accreditation_valid_from, accreditation_valid_to, competent_authority, notes, registration_number, tax_id, short_name, municipality, postal_code, country, founder_name, founding_act_reference, head_name, head_title, fax, is_active, created_at, updated_at) VALUES ('inst-internacionalni-univerzi-23', 'Internacionalni univerzitet, Brčko distrikt BiH', '', 'Brčko', '', '', 'https://hea.gov.ba/Content/Read/iub', 'university', 'accredited', '/logos/internacionalni-univerzitet-br-ko-distrikt-bih.svg', NULL, NULL, NULL, NULL, NULL, NULL, NULL, NULL, NULL, NULL, NULL, 'Bosna i Hercegovina', NULL, NULL, NULL, NULL, NULL, true, '2025-12-03 10:01:31', '2025-12-03 11:27:29');
INSERT INTO public.institutions (id, name, address, city, phone, email, website, institution_type, accreditation_status, logo_url, ownership_type, founded_on, accreditation_valid_from, accreditation_valid_to, competent_authority, notes, registration_number, tax_id, short_name, municipality, postal_code, country, founder_name, founding_act_reference, head_name, head_title, fax, is_active, created_at, updated_at) VALUES ('inst-univerzitet-bijeljina-bi-24', 'Univerzitet „Bijeljina“ Bijeljina', '', 'Bijeljina', '', '', 'https://hea.gov.ba/Content/Read/bijeljina', 'university', 'accredited', '/logos/univerzitet-bijeljina-bijeljina.svg', NULL, NULL, NULL, NULL, NULL, NULL, NULL, NULL, NULL, NULL, NULL, 'Bosna i Hercegovina', NULL, NULL, NULL, NULL, NULL, true, '2025-12-03 10:01:31', '2025-12-03 11:27:29');
INSERT INTO public.institutions (id, name, address, city, phone, email, website, institution_type, accreditation_status, logo_url, ownership_type, founded_on, accreditation_valid_from, accreditation_valid_to, competent_authority, notes, registration_number, tax_id, short_name, municipality, postal_code, country, founder_name, founding_act_reference, head_name, head_title, fax, is_active, created_at, updated_at) VALUES ('inst-american-northwest-unive-25', '** American Northwest University of Health Science and Techology/Američki Sjevero-zapad Univerzitet za Zdravstvene Nauke i Tehnologije', 'Adresa MArka Kraljevićam', 'Goražde', '2232234 424 234', 'email@gmail.com', 'https://hea.gov.ba/Content/Read/iug', 'university', 'accredited', 'data:image/png;base64,iVBORw0KGgoAAAANSUhEUgAAAOcAAADaCAMAAABqzqVhAAACnVBMVEX////jvVAIO5YJW77lvk8JXL3ivVDnwE0AOZUAOJcUQprpwUztxE0ANpQAOZcANpfwx0gbVKXpz3gAKpsANJgASauhaQwAIo4AR6wATqgAKJwAKJAAS6r9ogAALpoAMZmkcAv/sACrAAAARa0AK5EANZ0AII4AWMIAVsWhAAD9qAAAJp0ASbexAAASUaaXAACEAADw8/j/tQCNAADWtVu7vb8+TF6CAADK0eSuex++kTfMp03my2lvg7gAQa/a29zc4e0AAAAAVcmwml53AACMm8XJrF6bi3bEqmdfdrGLh4d8f4ygrM6nmHm5oFuUjYF3c2OUmJ2zoHJ2fIRBX6KTh2QAMlSCksDFx8j+3bX+79y0vtjQsFw+XKVsbIWDen00SpJIVY5XX4pgc5VTXWhgZ3DFgwCsr7EAObO6kFlOZpxubmkYL2AUPoHkkgBRfMj6zD7WoSgAADGAeWQATdMAGkQAJUiZYmKoi3oAJkTu2trAnJ3+2a39x3/+9egAMs+YWAD9vV1zcIPYoVTdyruQclyKWjpuWlPcrXO9bQCuawDMp3yve0SYSwBjQBvlriXc0JmMXhvgwXnj3by4WwC4rY3UxIhpIgC+fDydeFLU0aiRZDT9453OkADgkzCUVRfQspyUPACTQypqHQpoSETavJZRBQA4EBJqMB2aPQCCPyRcMSQpGCScailZIg3Rj2loRRRKN0oRAR0zHQAADlseAABOMw8ALXU5RmgnHhIAKGRPSkZ2QgC3j3RscqJkUzwxLjKXMjJRY3vSnl6+eV/EYmqqiYrboJ8oRmW7WDi2NDW4Ox9zMDEAAD4nQG3Iennhvb3DckVRQzi1SEfkytWZV1jGajfYpaTALCwxAAD8tEWgSEikZGV3RUUAKtLIGC/5AAAgAElEQVR4nO19jV9TZ55vcnI4J+QckhMThEAM8mYQJBo9pEDAZEkNgRgwISBieA8gqFNTFd8qtUBnqtbBgY7jtNI6naU7d2bn7uzOzu3czsKOulXX7YzOdmfqdrrzt9zf85y8B8gBtXbux9+nRThJTp7v+b19f8+rRPJCXsgLeSEv5IW8kBfyQl7IC3khL+SFvJAX8kKer5jt1Qf37qlv8nebFCAmtb+pfv/evdV28/Nu2dMSe/Xe+m7tlpz8khKtSpWVpZSDKJVZWSptSUl+zpYSddOeg/bn3conEnP1Hn8+AFRlEYLIlZmqsGQq5ZFrWdqSnC3d+/86wZoP7ldsyddmITTyTG1pgaYiz0D09Q8M9CAZ6O9T4EsFWpUSwc1SleRo6w/+dZmxfW93Tr4WtV+pKtDkEQPuRp+TpzkQNizod4YKOBp7BxSavAJtJgILWE177M+79SLFvseUU4L0mKnVaPomPU4S0NE0KUVCoR8kif+gKJKkaYblmICvt9+Qp1XBh5TaHOX+6ueNIa2YQZNIkUqtQdPf6iIBoQAwXqgAT5IMG3uBpFmOdTYOFGiQXuXaHMU3W6vVTfklWQhknsLtIDmGToGIhPbt3u1y7d7Nx10DDZM0x7qa+/IKMrFW/QefN5qVZK86B8xVrtUoWgOgR2g8wyyL06M3Nbv0xVTsEkvxLHovyXB8Y39eAVhEVr5yzzcwKpn3qErAvVSGzF4nxyDtsKSztXU5jdIendrv0hXHLJodzM01NXJhGwaofRoVst/8evvzxpUo5v35JViVAw4O+x3Je9zHlvRqbhmcTKNOrW/U5bLRC816dbcptzGifYDqnDQUwA1VW5rszxtbTMz7c7TQqAJDL8/REQ1l5/p8umIqNQpJmVad2jRmyo4+A06tzmV1Jj8Xs2SSpRsVBvDUrG8O0j35gFJpUHpYJoqK9unVeqpY51nGcJlmkxpEF8VJFau7qWzTWAwnimA05+jXAFLVlvpvgp8eRH6pNCh8XDwkksxWm3rGdIOsNEUYt26sW602RWDBMzG5fTpdczRqMR4fxyCkzv4KjHTP80ZpV+eDxQooqfjwyo2Z1Dq/Wr+Mg7Ju3eAkqDSCk2nW6Xxuk94RfVCsXq9rRH5OAtI8JSEvyXy+WWb/FkiXBVoP0iVLN3ti2sNOCH7nSnVQblA3iEJuBCfnNxVT8NaoLzPwql6nD5BAn0jO1WeAR5njf37GWy3XglHlNeNcyTdn63L5KCrSmWtCKm1NTaHcgG6Qh1cjqmZz1SY6V90di0vd6myfybQkXKA5jxZ9z5a9zwlmfQ48Z80AhZVIN2aDy/ljZsqZdK3d6hiaeH12u4/psiOvkNRuU48LXDRiDLQrW93NZpsGIx+lmd68TEKe3/08VFpNwEPWZjq4sArJYrXfpG9lIzGT7dF188VgjSk4KSCz0rjYDHbr94OFR9wTXNs0OGjK9sUCG8v3GSDH5Hz9Kt2/BZSZN8lG28INmvyDplxn5AJE0VxyMnt3rLW4OkHCoh9QwQhlCyh0rDi32B3RHhkAO9aZ9HGWAPSKa4QcI89p+npVau4uAWUqXXFGCWwu26FXqyPWB+a420N6KAbxG6i+pHygxeFrbz+Opb293dHi5KWAGfByvIuPhjDODRbvBsuI3doJRsNS/aBSFWH/GmFWlwD91PSwCSSALja5PTpdVC+MJ0BLaRp4Lu9o3xe0WCzBobY2b0TahvClw+2OABgxQ0bsm6SygR2pTbGwRPK7x+AxgEorlITyawxHe8FmM/N80BA6DikYrhqYTszPEEaqpf0woGnzdtqWsTizrXPEO2SxDLW3UJFCFbKpaRLCUhxraMwG8otUGkAxIafpa4JZnwM2q6AYiiF9vpjl0j7ImNkmtT7sdTQb8AHGtpHOdD5lG2kLAlYng2IT26rfzY+pi2MpSsoh4u+HdEqzA2C7JeqvxUmRa2p64PFynmK9Po58Qw7Us2O5akQNAGQ7tH3EJvaugNViOd4ClIrhfM5DusG4KETp4QFmYwWD7cqJLJX9GeITxKxQEfKKRkDHeIoRG1+KAgXDzfbwPo4kWcoXtLRVrfWxdzZbLO0BlqQZ52Acj0J5ZokSgFOsy4Cc9Fn3INm1WYRS40JZklPr3KDCQy5S6N1C/SFjLsgXrHMfaHJFkHMTq9y/s81y2IEcO+b4jEevzqbISGKmKXjSxJZny3ftQIFUmTxuBGdSZ7t8Jp6NtICkXBw00TFk8a5mrlPTq36F2RsMtlMxtkhSucAC49gjyfYXANBnGXarIdCq+ijhWTOtUGIyDOdQRxsBud8RDK6sSiQT1jfTfU3VkCWGFLOjRPLI9RiAMjy7Wq16CwTa/ihhA75mGjvWXKyLMFPQJaBMc5OuS99O/02dUaRMo16tS6h5IP9wkxB2nxlQpM2CgVi3K4qD+lYwK6GiItmW9CgnuqY3fse2moeGBZD6cHY+ZMqNt1op64Nv43o1zwxodQ6CGW9BjC9XXez06DBOlj9sSYPSPP3WxdCG0MVLF967mT4WVwWDLayU5v0JVsv6itUIaKvmGfmoPT8MM86IODdktjH9IEvRdLuledW2d11+++KV70pn+KvSmvnvfW/Y9f2udF/pteyj6GigDcOEJN1zLAL06Udds1YJvsmBsTrje0eWsnXFg1BlOYPB1SnB3PDUfKtNMhG4etXB1ErMVdbZt2fTfmmbxcHGdxmyjly1bpDVQcTnmhHQp55HFVmEtg8xWn9uAlBPq4sj6eMW7+oNnphdpLBXzr3rucrjRzI7W5sWqKTKcpiKK0NdxWoIvjpTtgv5KASjLfangC1OulVEpoKVUtyYDph6HFCaoRl+dWWeHb34zuzo3DX8x8S733eFf9uwSP/g26fTMENQaQsbB1Ot86hNJhOwX4rrKSDk2qfKdZtKCKUKl8WMX6cudsX3VrK+1ZV5uXbm2tm5H87NCX+++/1A+LfZ71unT195x5Pmu0csx4VUxiBtQpYBrIItc/0qIsv0FOBFZG8OIdcILIhkQaPFvihQkt5nqVrts5fnroLBzo1GcF71WcO/8b7aCYn5+vs/TPPttuAQsl0aYOqW+OwoTHjECggaT69MQ/ygImKsYaDhWE9TQ6sHoK7Lcyiuzo2+e1W4QLfUCDi7ZkZD8ATMw8OrE0GQNgvEBHAZ3RinVpt0UY8lKYOcyH9aadRcIic0jTFT5ZYAqAcDZQKWttU/vHgD45sLtVDCheHaSwLihdB7U+jfy++nJ0heiLtQD41x3Sa1jo8FJtpZ8fSCbjeE2p74XM0NIqCgX7YlTZwFFALOifn3QpfRL9PDtVcwvIlLNR/gK3Pvf5C+DVWWdlbKUOpEmNACj4aQq55KLNoDMUiROEzCDep1fgayWToGBDjrWJxPLl3feAnZ582LNVdq0IW333nvIjbYt0ToE5zUchyAurP18TARMerREir/k+ALCzinPI9PGj3gesY4FGhXjUBYpodnsPo+GP758E30y8133sYvXLn0wY/QE5h+50+tYtphC+4D020OJGgT/kKx6Gm4KKEkNECkaTZhAAEiPdtu6RTx+dGLF1FAnVi8FI6riwKLn77w7XPwz80ffPgTcWZnRkCZ+AfONR/iSZLPexp0oR7MAlgt6xpsphO6MUXCBE2+cxP/Oz2KGiu5+d7itASgTn8HXz374x+nDbdhwUBjQnKD2SY1S7GNBiJLsXZkCYKstoBFucuk0zvjmaZPJEzQKPw/Ye66/ubotOSmZO6H010TNyXf3ve35yQoI/2b6K6yRKAk7cf5jcR0oeQJLResNs9Fk6TepAPCdywymIJCkFiYEtvp9ybOTku6XAtzUxfenhqeeuv9D25OvwdabZW8+abo20jCwSjsOLzOZFIzTr+TJCnNk1ru/hKcUrgxUzfXrPOPdTvDY3VOESEoJguXr1yZn52be/eqdHg4VFdHvn/xnQ9//IOP/u706bWlBBukF1ymcag+cwfGcsFypYwHLLd7bcgSxJ4jlxfQqCNPrc726ZBKm5FKST5t3kyQiUsbN9a2uC67nLU1l4bff7/m0pUPPvjpT37ys/+VtgZNkk6LA+IhxbXmqk3uQUCp3g2JnOvPJPKfoBYFhmBA412sTw8JWudxA8NUoxwTbF7bjRY+uPIja+21d53Wmg+u10y9f/3Khz/56c/+/sN/WHOTRiwBEs1mUav9JmD06lzfMRRzK6ByWfO9InIwh1D1425ohlpCw7hOJ1BMqKoPD63xTrbvXfnpd39+eeHbd2p++t33rtd+98OfAsy/+9G5tTfKG6SkbDMqWnSTQI8on1oHjKW3gNDuX/vNBEFBKMwQSM4DQTzXzQ1SJNseXDPRcmz84Pqdyz5Xy9s/r3m/tmbjB4DzZz/70XpaNXQY+IJfr291mXQ9jm496mCQclq5PMe+nttBNQZBaDLKaxlqDG6pp0m6xSI+FUTk6pUrF0PX3r3KQxyaIS++c+XDH/zvv/vR2s1WgrJLO0sGmjlHrmkQrMyUO+ZCIcRAqNZZoeUThCGuD4oE59f1sCSVntSmincApOcXPQO/gX83fnfgH3/WDzKwrnZ1WiCXcJ5cNepYyB5z4WTH9SnXmVuAvxe0JvB3lvcj50xTiS0n9m0ymcz4T0eMJpPsxJ1f/NIo+9VRo0xWtj6X8gYhFPkh1iJdhlM67dIQWevi8/lyuTZpNhfJSRmHZe1VkNmYkZEhGz8iM5ky/vn0xl/KjsoyfqWWZWRsWx+NGToOZpWNdRmbHwGsKGcdlShSZyMjTSxUKLDatRAEQcwygCQ7chRgmj72Dv/q6BGZOkP2T6Z1A7VZWmjG0+3i4lpHOvPWpdASpbwUdYfH30tKrcdq7WUYJoJlItzDf7P5l8ajSL9HjyKg9WtvmmC5NJeoA24AFGpf6532YnWS/KExiozdD2JtGqu1jSTre+82AGVCmDJMDQCz8/y3/o/RpAOg+KIxw558BxHhPNjOJk9Mwgpdc8iF6lXDoimHfo5xRpMLvfpAUe+R339szD4Z/yjsr5QBIrVJhmy34fSlvwEQ57/1C/QXuo7g7k6wXYs8+2PLr3vTNK/Tklz6SzH7W6tCq/MJbS84O+Qo3nkIcSDcedseXO1DQSNGY7TEodyG9QhoQMpGL/xfrKvXNn1PYcRA0UsZRuPe6KPpNcJFo6zMssz946XtcEKMJBlOSjs0hHaN/u7PIiqA+aBxomy1rpljm10Qk6jVirHWj2WABlqZoRTeZd+bsQ1fQoBkGWXdoV98J/zervJLvzdmRF+TGbe9IixFsn2M7wBXPl69N8VsaYlbF8JRrX4oq8AIS9YE056DexHIgDsbmKRpzMUX73aQ7PGVee3IJ0bcPtnfmzJkv95f/0qGcVv4CsZibLg7/Ks4o3/jW9/VGwWgwo+ybRmv7N/TI8vQ/T2+JMv+ZFUf8Q5FOnJozjWYrct10XRjAVGyprJlj5bQuPA8X6oZqjGT3mTyc1CNrRghvCqZIEAEILYasQWHzRU1umEp9C+/Sfj0gfLhX5cZo+8wYbXiQGzqyxA+lLlaVWS24HnJJMt4/FCfocF9VHCvrQ4l5HIivMyCZRpNerVa76PZ4yvnlE9kkQZDy/uO9B0FicI0NizVbvxlSt49v2l4oMwoizwg9dGjfWqca4R7wb8fr9ZGbxD1IPNuPbQOam5dcYBke1RrIn8oCsUmCDOcrzu7e1V1Sn4vOCL+/+hReLph30MGm3E6tPGXy9ngxBubvvWmusEYfqdMpjMBVvyohCe0Kk4zIgutu01obMnEHVOrHTTpWlskqlcRCV22NOfz0Uz7KlVnqx637MiRjKMff/IJ6NJk0smMZQ1lTadD8//ynytxqInzmwDqmLEB9KrTmUxgByc/UWQcHRd0fHjVVnqHWJJH474u/W4fjZeUcGCIa+j608oz+xOnstC0dLVga47GWuPmqcXenqWmpqVB9+nRUPnwB/+66mwiydz5TeXl86N3e8b83d3dTUvuxc16xCLQc/t41U+aoW5Bc+2Psa0eUiCoTK92DST3YD5RkLLwhPatkjurslG7kLV+7Lnz/rewDF+68L3j3rSTGEFsC2+hzwBe+NSF772JfBQbvnH1XqjmfSzpyt0dIKML9shAxRr6FcBsNSkLiZjVqJAtC/umWnZUjp6m2Wyz2czLI5ybvbbstBr0EfQp+HXgY9lRfL/s1Stdm4WXcoO+BE6kUIo3XBWRbLaIPa7KbIM4Fxp/m1G2otV04ZHehRmWmwGgXQdWnuf3ivu3OOEYj6Rp6FA7LU2c7Mw0a0VzP4i2BY00xXBMHINn961eqASVyJ9ajNuWxzk9OzPDcSHJxDDDsjMByQH4a0a6sDzUV1r9RyDfGD9JR+hHgsnLnRCZLxE5rQiRBJ7kusdaXXR0reqqlA9J5yef/GuzZ3mcXXeGQyGGZWbmpudDDBMKSeAvlgnNX1zWhjNa1RmbP/nEnbalKBIlAeUKRFeh6iy5ArhFsUmXrRewQhRyrMrgkWwrW3R7jGUH0WBRvEzcoOdDPEmyoMhr0wA4FBoWcJJS6/xM3YFUnI3qhp1lRhFqaTuevAyInVQR+aJ6PMz5ctUkixb8oY4mhLWZArNN1wFv3l12Z8lnLKv2drwaM/GuBSnHgQKlISnCeUBycT4Umr+McbK1UmsoBO46m+SqGY0ZJ3ZmGEXEzSpLnHeSaLE77Ssg8kVlFsgqBh9Ne7L1JvXggE6vM+VyYLbpfMW+rSHU7SszHrSM33/VMtRh6+o6MDt7aT6ElqKDiV6nwW4nJDcvDQ9fl0hmZ1iWHwa0JAuPYbh29uqBrihYwNkQGjO+IqKxEcPFEww9jZAlKLGZZb8WZRWSPeYa1OnGGh2t/kGWbElrttXGhp3G0bKyg97xzh/WhEIzxzh2JiRFS88QFCkzXMei+V/Td9CshImZuql5qTTEsijW0dIQwx2bmZmvvY7Ayjyysjs9onC2tSOFMhxPc4PFOp2eQpRIHJfvzlL2gXse0vndg2qTTu/mWYo9nnZAZS/gbBgFfXb+zj2Eww4EmtCwdWoYgWFZMF0GjRrd5IbR2+tqpWCz6Hqolq+Zj7wdz8yQLcqMi83GDBGNrcJkvll36JgH6uRsXTMDDioXVYRC6dnDokUaCKQO5BAQjmDaXr49RtnOEwin5NWO8TNvzyAHBFXxEAJ5QMRI2XkrCe9b4ObRT7oGoWRCUywrtaL+ABZBFmYWGReNxruLxm0iGouoAtOabdrN+6GkCmT7OdpTIIr62THpY3vQYNSYu9HnaYPCLpC+07be6J9BOPdKLB0dlvu/CdSGUIydCQ1PkYBTCkhD1lAX6BNwvkWGaIQd7LkOlIkeCej1RvhWZaNG4+Sdsm1iwmbQARarG2t1ZKPVUGo1tFUjKoMeLCE0TpJt9hdDBDLpdYMenqQd6QfIXjEuTZ1wIJzu8fFxb8cn3xaMEQCGrCRoj2JDVmnoH6a50PQlqRTxBWaYx8aLUk5ovjYahwCnbCnUsM0uAqf3OMP1ZPscfnW2y6PXu+GBGgiViM5SFIbQGmSO8rn9uXqTKRe0ezz9sG6G0T0q4Kx61WsBnZ78rQPYCvY7Kylla0GnXIi0TrEhXmqdoWkuhKa6Y/4A1caGuBFfcHNZ986GFahVooCD0h69To8WpAXUUDRTXJ8yS53+gzgMCRUKi7Ee4kk2vXtKjMbTiwJO8++83pNnbk+ePGl5G9kkSSNtScE0SYYhayFtSjkpY4XiEScWwBlKnOIHODNkOxuMYrp6wEFJ1q/XFfuBiiBGg5iCmDHfEjmEoVjqBaykiOwJdMg42tyAcUrud3ScOeOuevXMeEeQZ1HyAKIwAyFHylo5KRvCK8yll0KsFSkT1PqnWwmuiHA2AFEQ1TMQbCGljMcTiPbOo96w9FTevIXQNieQKTCqlnS9qYgmlE31IJzQuLZxANphGR933+84sjgPlB3MFwhRCFJo6A5XuxBip+YxfimwodDw4+0vnUp4ZI4GwNkthhCFMygwodgyN4dBBCNC4daXVGOLCUNAh2b8DTMY58h4xxmvpeN+WxVo9shvFnxTgJUmUcRlpqel1pFACMwL3JWbGb5x4PLjou0v34q/1yGkz9CSKKIg8e5LorgkLybg4nCbhJMREYYOAk2A4NGNcNp+d/v+EESi2+P3g96OI7cHzxz+zW9qSTBT6trV6brZVv6atXYqNH/n5r+BXz4uqnxkvht/rxMzfpnxjlsczqqh5NqMNohgfntLiORZixR7OP0I9l5j2c4TocKlMuRUJ2/bXj3TcbsDLHfkyH34B3T7qrezlufr6IU61406ymqt+fQseEmV+W5l5T2JLb57xTy2s8doXDxtlInBabNIkydZAvNLO54EacWQUusE00/a2mNU72zaWTiJcQYB45mg7eQRiET3zeCklpMjluAd63/d+/fH/1FX+9LhD28thhYwppGPih4gvHGBzlxeeBei92iZGEIENWjKZNL+zPSJpSkr0kMt6BL9Lybc1pc172zonVLj4DGCAtG4u+O2Jdgx7r1/+/6A99X7Z0LXX9paVPQf3PBL3+k0m6E4k9x7sP3Pn30Een3wUlziMpfvbAbiB0RBVB2ZVGsDk+9RyYl0n/KH06ewCQDalg3N/kr/ha80hCATlMlkCKftZMe4G+JtFUQjgOw1/+7XEIBrrbe2b936b1zt3c+89oXQwr3Kysqt27cftkkeVm6PC7jmQ02yDOPpnWpRREEy5IgLJyyK7b1auSrdp0zKzAFWyjCU0+VrbO4ZU3dzpDN9WgE6tLNwCfXG4whw8vZtS9uZ8fv3xztGOjru3+74/UnLq6Oh0PtvTUwwTtv0z63DtY+LiiqLHj569FXb2aLKB3GByIxG2cpGC3vF4WyLpAcKrdXsdjN0qzZ9l4IS0QS6sTg3G9UqJpNpjBNRfELOWyosPI0GSzBOS0fnOFAFSCsWWwf8HK9yj7R1AGOfIes2bJBSZGj+3xFKDKvqo8oiiTkWAszbMmSyhpnCOw2iOrTa2tEsaA5vDsg16wdZXLHY03yqRK6dZNFmM2oEU23SD3Ji0qd5t7uwfArMVkjubjDXM2cAIsSh8RHvkfHb90GhVdOhOoBZx/P827t2bUcBVyI5+8W5v335nkQSCwEYp6ywfKZBFCHyHocqcnBwzN8NrdWBXlDXSTqc5hxC28ugHZ/8bR7el912jKNE0YTdPTsLCxugfbhUqDrS0RE8M37S5oaQe9uNiNHvLWf+cdFqreMBJmW9c+4cBmZ+WAQu+jOb5GyM+iGcxsHC8sIGUXM0vPtYtIOcCW1SZUJbyYghRAgn1OQ92TrUBQZa7W5l6Pb0c0yqtxndzW5jBKft5O37bqjPbt+/fxtC0X2gvOO3z4zXWK3//pi7WPQHa+gm7np/BMYLQHd5JY+3Ruc02hHO3p2FUw2iiMLIYdDn7uxsvR6U44eyhXSlx2nPQSOCZMDjHtOBh5rUumZROA8aM4xG1CcvE9o2Ptj56pkziBONNFs6jrjv33ePf/KfIeuuXQ+4tySS6dAo4Hz0AIUiMF/zyKmiyh3xOGVotphMTM8JwinlnTwlRdnBVZwtGmcjLWwEyftaB9W7W2kxOPcaZeFBSwHnbTDcMxYbJJWT/3wGRaJB88mOX4dC0/aJmVmJ5HLovZdv7dpeBPIIvd3s3fEgGokwTvyfUSzOyJadZKDVw6BRUJE4BUJMMxxH8STdnn5W8Z7ouLSAs8rmHR8/Ayjvj4zcvg35FHJLx+9+CEDNM7MTs8PDjz7asWv71qJPsVfee/DVZ2ejkQjjxCPaoojCSPzME8j6UtKpSTu7GuOM533wnMTgfCUJp1litrnHX+2oQgNhiNN3/P5Ix8iIKzQzQ26Qzg//x45b/7Nj10MccR8VbYVYBKVCVQpO+1px4iaL9s8k/i/Cbl9BkyiMaPpFBCdw806BtT6qGjo5frJjBO1SvRhiyA0bQo+Ldm3vFQYBJQ/BeLd+eu4r24NdcTjR2H2GKKKQgpMWgdO8TpwZDUu9p0+fdi9lhGPkn4u+qurshDLkXlHRrgder6Cr6dDMdfbO1Ezo3tnOuyMI6FmIRUWfmxFd2FUphNzq3caGEw0gxm1iek7WjbM3GacjPc6xwoh8KVzYVbn9pc/OjZwDH6ws2rGjCo36Pvp02LrjFHn5vw7MvAbm3Hu36twDYPZF9/AnbCNFAk5b7+LUDNwpdFomhhCN7EvGKaZDIV+udad8Li1PqC4vnBodBUUVbgrjvFW5fcfLL7+0Y2vR1s+/ONt56u6jLz4vKhq27tpR9665a+YawLF9tgOHXBxx74GL3hU89EB59KGJIUTe48ntFcGHJJnx3WBhv07Pb23lUydOIFvL6Ar3Tz46e/buLcC5ayuGYbNBrVJUdHE+NM0szDH0wr3HW1+69TIAxRz3LLy2ddcuYay/a9OXi709Y2NNdwtHReBE/DYRpxh+a1KqBpJxpq9X7LVgZlOL7oxDkUxgQ5tiee/ePYcvPHr4x7u3tm8vujcVmmFZjrmOeND2XadGhD2KviiqBFJ/1lb1uWC5e5BzqpsWxeFM6c4SU6/4o923MZwi6s/q0yFsaIuRyGFDAbeqqtMGvzx6DIXmS9tPoc6REOqi/wOYa2UlxFgcilDErXyAUoytczv+plf8o+CgOwvnxcShhPoTCao/0243kNSfgEVMf8LBE0b10lRh+RsRnPc+v3XKCzhsZz9FoB4/PPcVUPc70j/x16ekf3h47xHKrFVVwP6gEMUVmvnhrT/fwh66WIjNY0lU/Zkyds+K6U9Yrn+IEdE/tBcRhYalwk1h/zRvLYJA9OM/nrq1C3zvMXJSwHyu9npR3Z8eWN8WHpy58y5mf1u/kAh0YddLKOW+Vl44qgbLFdUPts7+IdTflzx3iB0S09+HcvuJKE7J1spdEHBffukloHdf4L/wO9EAABKbSURBVCtn75766jr1hw3/8NbwNDbnT4t27YJItR3b7ENw0c8f2Ubgq74sP92AJwuKwWmzJE8g5xQi+vuE4bIkfYrov91rzMgwNowWlkcu/PkRmGXzqT/e+qMQW754DAXYy1uvA2sOTUv+68/bwZghs27/410ckD+Fv9DjsFXdlbxRfrkBwSwTgxOP9CY2V0z/7bL98T4xBYux4W5heVSdQsCtGum04R0KvwAPhWD08t3rMywzPw3V9a6tyGkfVZ3Dr38OqLFWH3x2q7NrU+Eo6lITReO9yTQBLdhO3x+PxleSiZ+Y8ZU9JyYLy8vPx0b3AGfVuRGIuBByvwAffFz5GOLQ9PCE9M3rwxCZtn703wgYKN1me7QVfBgRpkrQ+Y5z5gObwEMzjKJwCjMU4rUigvZJECFKIQrS1WbehuUVMNmEmUC2R4/BP3986tSpWzuQjT7AkfTmvET6/feGH1feMtv+Bl0xV3VC4bJ16wPAdA90fuvcyH+Dix74clNh7yExOIMtSV4miibEj3/GBaL0459vlX+ZeAF0s+ull3EkglDz53DEnhiW1t0Ibfwx6sas+u2jh48ri17eDrQI5RWIRJXoezo/+kqClgoULqZvLZ6gkNTYXi1Rkv4J1asIQ/Kc1PSzpLo2bUpagtxZWfnHc1V3/+ezzz47dS5mDl0MOxPZXqn3o62PHyMGcRcxiIeVj4uE93lfRqFrorw8dapYinQGkxpLQVpRitisByWWQLIppGXyr5VvSrpi27ps0p0IsTMLkT/+9qNdnz+sst31Qpp5CIVN5HEIK5LOl5cvd4dESRkWlHIGIktER2H1MpOM0883ea08WZ/m5bnF5dkNcxdjbxJu+9uRc7eAVyQFgfMpz24ZCSazPnHhVqhAJ1OGFNMyok1iHj7IzcCGAzXJF23/DWziVnKsKxdxS7MlxfbETvBTK5cJRGkdFFLBl2neIsgsF0qdizry0cunkq+9Ub4pvX8uwxJ6VXJREzbx/L6kD5Ppp6W+tklU3JDM0qGzqVdTdzsGmOfT3y11YiqnEDWtBjM/Q7LRi8mgXeXlm95Iu6PkxOUbXZfTN+JAuSiYEkty9hQ/XxN3ESWvrmQPi9gA4/ym9I2bmL4xkRZn15dgHGK2yui0JMNEC+9Fbo2hUMpTHFSE4Urwspu0SM/emEiDYOINuMtropqaarbMpIrIEbeCfD+eH59sDuI2TUCaSNPGuTS3EGMVEUk1W04lcvptUgYlaeGEgvQRNyzgWeVfrnV7lphAOBPh5WGpsmB10rFDFPBCHbErzLRy1UB0f77GyVaeEVezhOV8skonJrq65ubeXbh69eq1a9duYIHf352b6+pKhASxTFzUFmSoHZ820DjZHAgHFKZ1DQuvmrIi65HoQKlKqcpD4ZcWMZcx0tovoUJD+KZvXh59u2bz5s01NaFQyGrleb6uDg1pb9hQV0dTNGW1hmpra10L04IBvLYGk5UIcxiB/xBaZWZe+OgXrk8pl4v9PMosQq3NKrAg1KsuF0yW898aHn1744ULGzdikDW1tUsnljBO1+vXXp/FQE94T3h4qxVw1sCj2FgzenNhU+GXYk0WiReNOHB9BGpiBS8cs1VBqESvLzOXhA2XdBkwTi1y17QrdSIyd7l288aIYJg1tSHdCZlUwOn+i4Dzde/rHmsYJ0K6Gb15YQ2ejZdok7zQxEzcOYDMVtyqDixNKiIP2TvtKMU3UaEh0dWW80ZlYsFZg5sdAyrgPOE/Eca57fUNSThrBZxhaXlXpE7xqivSKeBU4lEhZLZppw7F5CBeYYayiXCTPKewWVa61DLnDEWanYSz9vWl18N2a4zgdCfpc3PExkOudLkHi1CqMFrcROxoaHXZmrZbUsmVCmS4bCsCWirsrplmKd3ENSqu2Uk4RwGej0c4/+L+i4DzLyviBLEuv3gyXkaECpvx5CHPwvteoUVXa9qcZz8YLu7d5DwKTWZreEl6YDWFXqV4PmqGmzcn+ecPjaNGD8ZpvCYTcLpf7+ajOGMwEU64bKVm07hqpPJkfX0abS9uIm2QK0Vx+IjYtxAqQYk0x3JhbkWtotCuOjT7Kdbs5DhUG6qN5RU0VwqEJVfBCW+lNqym05FohwlqonAWlccgelFkWLqziIqUDUTAQ1cKuXVJOGNAN0LDR12uhQXEC2KCOMPsbEDQPwBcBidfR60MNLx9QiLngyiUsyaYKBKldOOiPTVXyqEbltfnzWmov8tXdbU3yr/11vRContaI6pfOR55U6ZR4y2lxKxcSRCgFQXLnJm30t5gVxNxgiCYFyaEsnRlYj8RfvVCNGTVxONc0UVtqStc17cBEdp/KPWwR3qlXbPmwjjD2kC2iHDinoM3Nm16Y9kP4d4W3H82cSFs4lbeGo9zRUsYOp66/1BgPRtKmfPlqQOh0hV3QZugwvrkIZSitmKFXhCW36zYpQKFpkD0JsL6rA1/Poxzw0qtG0kZJAurc+0bhKGB0FSFrhiKNqDAgVsJ7YwCvSm8CMR+mWLrtVhdM52AEwHFOK+u0LblghDqz1zPZqLmHFBo6umdzAqbMc5hdfJhoGC5OBj9PB7T+QSkB8o3bYqy9sWNSThra1Yz26HkKUPrV2dYoamnPbJDy1ou4IQIkqzQC9FAInSpRP7sOg8o42z5wsaof0Zwbqxd0WyXs1rsnevaG9a8hZBrU3GC5abGXBSGarA6IgoNZ5e4CSNozxaISOfPn38DQG76Ms5jb0ZjbQzn5gvWDcsbLtrVLlWdaHOw9W0kj3bw613Gch3J9G8OVc6BC5uxQqGhgSjJvXAz4Y0H3tgkyJfnEzIGuGeUIvARnBtrEDtcBmkwNdZCBbm+3fuwaOWpcxWQ5R5P6Pvr2oA7CDbUhIHGSq1oHIqTiQMHDqRmxWlBoUJWQp4Odrtxg8CDk7lC21CqkaE1SOvfuhlIEdTbqb7AxLvoDQEl0ihuo1VIn2DFl8VuJI6RXkbsL5o7rdZA5LZJbjqyzI52UqaxYO1UKCbqLEKTGsHRvm+Rzr+JSH/PhnAAwup0uham19IBEpauhcuuiEajt6xLpEWdyzmnlMojxA2qLC/VOcRyuUVKB6KxaGJioivaJJ6fvTbXtQ6ECWjnrs5ikhA2W/iG2Is2i285q4WcssZCJVHqtURp7zI0l4nfVv1q+LnPzq2/2zZZJuZuhJHeiL+M9vhd5rE7NE943oxZBaEoeTkoshPWFw26E7icvPr0MEak6yqKcPFGm3QiQBQnBMwnPJzkYA6hXIbm4mMPwkBvQGtE9eesQ7pQlIv+ZR46vIzR4iM7tOsPQoI0qeI3qY4HelwA2lW34emrMiYTN6KJBWAuE4KkjE9DKJVP+j1msIkK13L3DwPdIH6YYH0yVxduCcBMzSjC2UFP4Uidg1vQdtzLfIFguhPPymRjIkzRNgeX1aaU68skSta9dXyc1JcQmSnjoWi7Enw0yRMmEVGCvsMWPMxQySux0Wyh3oKndbaXIgt4bhJQrgd1doo5OOjpSCc+qYPmk1XK+PIIkftkpRX7FkguvoSAzrlLDQg622JZ40kP65MRfE4H7axI5HwUPkwn52mdpohcNC/+YCKut1Shcfg4KUXzwaFnf8qzF5+9R9MVyp5Eu2Igvz8V5xRkfwmUorFYxLUaFBqXp6IHjbJKD6c5KfKJxTwUDDBoaIBq1BoSFMr1qQjVkxy8kix+LaGKnu3FNQJMn8egqMCDpBCNnqmTdlr2ofjD9GpKnf2Z8QpFBylmEU/VnNCxmOG9KFlAaPD5NApDY/hCy7O0Xa9FCA10s4EwTBKG2Dw3dDCmPN/+VL/NrFISWjz2C6RZYfC44Edr5NHS1L5npVJbcIgP9x6w/IBBqSCiJ+dyjc/ioFN8bC0yGq6fKG105SkSUg0kmLZn4KVmr6U9dmIZyfnAewp8Am7Wk/dMTuhFpy0bgOlCrTfpzFPEl2s0xF1Q6ZqOTBIjVcGhABt/IDDN9qIIiEeuEcxncuLyQQEo6nHSKkonY/0prAPt5YSO6F37EReriG3I4mBJtOV5/MnHEBc0LpriPBXAD55eRokXzHR7ONaXp82LK2FoX8UAagoJNenQWk4jW1VsbZZ2tJkjzU5WJAD1aPI8tADzSWuxlQQDHeAYyueM800aOAOFj/Wgpe1PCSmg3IdnZ3G+UqUhoXOVa3WwXGveM4QpAC3oZ8m4+ojiBpSK/mMqP4r3FEMB0ie23k6EEmEjA/0FCmVzAgeiGFo4Df3ZGK0gyEdVfXEnPaN5oIpMT68qzyVsYABIg8GRJ0mnVUOW47xwujztyytVKlSJZSfJDRieMUw0x1FJqFR8rPsCrFZR6inQxsIvQzuGLG3rNF+b1xL0UWwEGDfJ9ygTSS1N9xc8oyPf48WuyiLkGl80WQ8QhELRRyQUqCQbAKV61wzV5g1a9rWgnaJjsZymgX3F9WcwvFL1TA58TxazAr4nr1fYFpDxGVQ9SoUixsZIGu9CyJAtxy3BtirRBmzuBJCHHViVZPxZ74ynVBHrQ4a8oiSy1jC17QnEXwJhtx+dekpSpcRYq1KhbY42hNZMCphJlmxpD1qGvFVpiRJgHLIEjzvC9kry7oq4UQAgYJnu8AwmrhcCrYqwP3uQSPajaKSF3ML2lGpYZLcx52zUaqPL8EiG5R3HgxZLG4BdVrNmW5W3LWgJ7nME6KhTQvSJ9wOSAsvFsy4Yqg9cs+RpnDosTiDsyuUVzRzJuht5YGJxNQTYcKREJMHNSMBKtTiOD1ksluBQm9c7MlIFMjLi9bYBQLi4r72FZ1g6sawEYDGFso1aQslgm80k5FuebaBNFDuhhUzax7MsFEfxVusrjRYUJM9yJIVCCvgsS/POFkd7+/F9hw8PDR0+fPh4e7vD4eRJeAVvqYO2TV3uLgJuwkXT7ECenMh6ap0kIqUpR05kVjRyJNeq4OJaFAuO3EBFf4CiIyfGkWinPAAcFgb+wJsGCaGVc/X2xOZlcYQifiUCPDGacxgg/pV0P/tOmiQ5mJ+FVBrg2LizgV0G8FUqEj8UeVRvRX9kFTRJk/HGSZLxpypMagoyC6LL2phGFRG/2BYC8IBGTii3PIv6JJ2Y/aBSZcUkEyMNkE1Lo4u7kW6PaRXRE0SdDrS5VdQ2KT7ARwNWQKNs7ddWRKGxBkXciSE0lNQqQl6isD8HmBI0jx5MSVvgiZomxKTYoBOrVSicpUTk5A920lBqiPRLklSFwWDIi+iMDBiUrY5eV0y/vUplhL2TnEsBRC/raw1AiWJu2qKEXNoXPtCQnVSqoptRQTogetzKqH65QaWitCKiULJAoQC7jgRqTqXQTrriPQAqeSE+cfwAUAN5vtr+3GCCVCtKwHg1/U7QKShJWRrr5eBBR1qFKtpL2E+UUtHgwqoUfXypNvIQmEYNoSzVemKGO6mtQPuxcXxPHjKaJxqtfiqyJ18LkTev38XRpHMgtncR7SpQ9sSsD7mriovxN4VCSRlKIxPrKNbXD5VJXnQSJsn3O1lAOYlQZuXUf+1hNlXM9TnQFkDq4NjYsaOQBLWKvrj0wCHe5I7M/AHUCgXRH9f3fczVrFXGFhKTLMMFegSUfvvzxiiIvWkL5JhMjcLDRMkbmKISIYkxQqDj0cCDkg682hez415D3rG+uCjGcI5+AWX310LaxQkghTYpC4DER2bTs27AGXVAHJb6A1G7ZAcIDWfIjJo57dFqPf2ENrxzPUe1Kg3KbxpKJPb6LeCnclVeXyPFIbbK9lRolbEp2RCWiJ6YWbM9hIZSKWNkgC5VFmjxwDlwJt9ABdyMUG3xf8NQIjHvKUEUSamt6PcgqBzp641RORJS6YArpk+30sDHda5TJA/ED/X9ML6eigJkHCVb6u3PG9MKcrAbKZXILKjob0SEkGUSdq9XGqL6Y3qVBYE+VdzxYSTaqpf3DOQhHitX5Sj2fgNi7Ipi30Pkq8CxMrUaVY+H5zh0ZhECS7p6BvoV0a0BaUitrsmeyN9A8Dne16vIK8Ag80vqv4EGmyTV9Vk5WiVqboFGO9DqgPKMBbTgdhwXp194BOjYFYSQo1yNPQqNAdkCgMxv+pprr3VL9X5FTkkWbrXWoFH1Tzb6nLywhzTYMgjL4j9oyulodPcTGkOpCr07S5ujrP9rASmIfW9TVk4JMmFCrkRoNQair3+gZ7IXyyRYcZ+iAK4WaDPl6E1ZJfkl3Xvsz7vd6xH73npFfn6JNkuJkADeTJVKGxaVKlO4CklSVZKfQzTtrf4mB550Yq7eu99PlOQAXK0qCxALAvrLylJpAWB+Vnf9XzfEODHbqw/u2V/v71bItSUgWqVC7W/av2dvtf3/E4SpYjavcDLoC3lS+X8SebZbb22i6gAAAABJRU5ErkJggg==', 'Privatna', '2025-12-01', '2025-11-30', '2025-12-01', 'NAdležna', 'neka napomena', NULL, NULL, NULL, NULL, NULL, 'Bosna i Hercegovina', NULL, NULL, NULL, NULL, NULL, true, '2025-12-03 10:01:31', '2025-12-04 09:35:22');
INSERT INTO public.institutions (id, name, address, city, phone, email, website, institution_type, accreditation_status, logo_url, ownership_type, founded_on, accreditation_valid_from, accreditation_valid_to, competent_authority, notes, registration_number, tax_id, short_name, municipality, postal_code, country, founder_name, founding_act_reference, head_name, head_title, fax, is_active, created_at, updated_at) VALUES ('inst-viktoria-internacionalni-26', '*VIKTORIA INTERNACIONALNI UNIVERZITET', '', 'Mostar', '', '', 'https://hea.gov.ba/Content/Read/ckm-viktoria', 'university', 'accredited', '/logos/viktoria-internacionalni-univerzitet.svg', NULL, NULL, NULL, NULL, NULL, NULL, NULL, NULL, NULL, NULL, NULL, 'Bosna i Hercegovina', NULL, NULL, NULL, NULL, NULL, true, '2025-12-03 10:01:31', '2025-12-03 11:27:29');
INSERT INTO public.institutions (id, name, address, city, phone, email, website, institution_type, accreditation_status, logo_url, ownership_type, founded_on, accreditation_valid_from, accreditation_valid_to, competent_authority, notes, registration_number, tax_id, short_name, municipality, postal_code, country, founder_name, founding_act_reference, head_name, head_title, fax, is_active, created_at, updated_at) VALUES ('inst-evropski-univerzitet-kal-27', 'Evropski univerzitet “Kallos” Tuzla', '', 'Tuzla', '', '', 'https://hea.gov.ba/Content/Read/kallos', 'university', 'accredited', '/logos/evropski-univerzitet-kallos-tuzla.svg', NULL, NULL, NULL, NULL, NULL, NULL, NULL, NULL, NULL, NULL, NULL, 'Bosna i Hercegovina', NULL, NULL, NULL, NULL, NULL, true, '2025-12-03 10:01:31', '2025-12-03 11:27:29');
INSERT INTO public.institutions (id, name, address, city, phone, email, website, institution_type, accreditation_status, logo_url, ownership_type, founded_on, accreditation_valid_from, accreditation_valid_to, competent_authority, notes, registration_number, tax_id, short_name, municipality, postal_code, country, founder_name, founding_act_reference, head_name, head_title, fax, is_active, created_at, updated_at) VALUES ('inst-ameri-ki-univerzitet-u-b-28', '*Američki univerzitet u BiH', '', 'Tuzla', '', '', '', 'university', 'accredited', '/logos/ameri-ki-univerzitet-u-bih.svg', NULL, NULL, NULL, NULL, NULL, NULL, NULL, NULL, NULL, NULL, NULL, 'Bosna i Hercegovina', NULL, NULL, NULL, NULL, NULL, true, '2025-12-03 10:01:31', '2025-12-03 11:27:29');
INSERT INTO public.institutions (id, name, address, city, phone, email, website, institution_type, accreditation_status, logo_url, ownership_type, founded_on, accreditation_valid_from, accreditation_valid_to, competent_authority, notes, registration_number, tax_id, short_name, municipality, postal_code, country, founder_name, founding_act_reference, head_name, head_title, fax, is_active, created_at, updated_at) VALUES ('inst-visoka-medicinska-kola-p-29', 'Visoka medicinska škola Prijedor', '', 'Prijedor', '', '', 'https://hea.gov.ba/Content/Read/vms-prijedor', 'college', 'accredited', '/logos/visoka-medicinska-kola-prijedor.svg', NULL, NULL, NULL, NULL, NULL, NULL, NULL, NULL, NULL, NULL, NULL, 'Bosna i Hercegovina', NULL, NULL, NULL, NULL, NULL, true, '2025-12-03 10:01:31', '2025-12-03 11:27:29');
INSERT INTO public.institutions (id, name, address, city, phone, email, website, institution_type, accreditation_status, logo_url, ownership_type, founded_on, accreditation_valid_from, accreditation_valid_to, competent_authority, notes, registration_number, tax_id, short_name, municipality, postal_code, country, founder_name, founding_act_reference, head_name, head_title, fax, is_active, created_at, updated_at) VALUES ('inst-visoka-kola-za-turizam-i-30', 'Visoka škola za turizam i hotelijerstvo Trebinje', '', 'Trebinje', '', '', 'https://hea.gov.ba/Content/Read/hotelijerstvoTB', 'college', 'accredited', '/logos/visoka-kola-za-turizam-i-hotelijerstvo-trebinje.svg', NULL, NULL, NULL, NULL, NULL, NULL, NULL, NULL, NULL, NULL, NULL, 'Bosna i Hercegovina', NULL, NULL, NULL, NULL, NULL, true, '2025-12-03 10:01:31', '2025-12-03 11:27:29');
INSERT INTO public.institutions (id, name, address, city, phone, email, website, institution_type, accreditation_status, logo_url, ownership_type, founded_on, accreditation_valid_from, accreditation_valid_to, competent_authority, notes, registration_number, tax_id, short_name, municipality, postal_code, country, founder_name, founding_act_reference, head_name, head_title, fax, is_active, created_at, updated_at) VALUES ('inst-visoka-kola-ra-unarstva--31', 'Visoka škola računarstva i informatike eMPIRICOM', '', 'Tuzla', '', '', 'https://hea.gov.ba/Content/Read/empiricom', 'college', 'accredited', '/logos/visoka-kola-ra-unarstva-i-informatike-empiricom.svg', NULL, NULL, NULL, NULL, NULL, NULL, NULL, NULL, NULL, NULL, NULL, 'Bosna i Hercegovina', NULL, NULL, NULL, NULL, NULL, true, '2025-12-03 10:01:31', '2025-12-03 11:27:29');
INSERT INTO public.institutions (id, name, address, city, phone, email, website, institution_type, accreditation_status, logo_url, ownership_type, founded_on, accreditation_valid_from, accreditation_valid_to, competent_authority, notes, registration_number, tax_id, short_name, municipality, postal_code, country, founder_name, founding_act_reference, head_name, head_title, fax, is_active, created_at, updated_at) VALUES ('inst-visoka-kola-banja-luka-c-32', 'Visoka škola “Banja Luka College”', '', 'Banja Luka', '', '', 'https://hea.gov.ba/Content/Read/vs-banjaluka-college', 'college', 'accredited', '/logos/visoka-kola-banja-luka-college.svg', NULL, NULL, NULL, NULL, NULL, NULL, NULL, NULL, NULL, NULL, NULL, 'Bosna i Hercegovina', NULL, NULL, NULL, NULL, NULL, true, '2025-12-03 10:01:31', '2025-12-03 11:27:29');
INSERT INTO public.institutions (id, name, address, city, phone, email, website, institution_type, accreditation_status, logo_url, ownership_type, founded_on, accreditation_valid_from, accreditation_valid_to, competent_authority, notes, registration_number, tax_id, short_name, municipality, postal_code, country, founder_name, founding_act_reference, head_name, head_title, fax, is_active, created_at, updated_at) VALUES ('inst-visoka-kola-za-primjenje-33', '*Visoka škola za primjenjene i pravne nauke “Prometej”', '', 'Banja Luka', '', '', 'https://hea.gov.ba/Content/Read/prometej', 'college', 'accredited', '/logos/visoka-kola-za-primjenjene-i-pravne-nauke-prometej.svg', NULL, NULL, NULL, NULL, NULL, NULL, NULL, NULL, NULL, NULL, NULL, 'Bosna i Hercegovina', NULL, NULL, NULL, NULL, NULL, true, '2025-12-03 10:01:31', '2025-12-03 11:27:29');
INSERT INTO public.institutions (id, name, address, city, phone, email, website, institution_type, accreditation_status, logo_url, ownership_type, founded_on, accreditation_valid_from, accreditation_valid_to, competent_authority, notes, registration_number, tax_id, short_name, municipality, postal_code, country, founder_name, founding_act_reference, head_name, head_title, fax, is_active, created_at, updated_at) VALUES ('inst-visoka-kola-za-uslu-ni-b-34', 'Visoka škola za uslužni biznis Istočno Sarajevo-Sokolac', '', 'Sokolac', '', '', 'https://hea.gov.ba/Content/Read/vs-sokolac', 'college', 'accredited', '/logos/visoka-kola-za-uslu-ni-biznis-isto-no-sarajevo-sokolac.svg', NULL, NULL, NULL, NULL, NULL, NULL, NULL, NULL, NULL, NULL, NULL, 'Bosna i Hercegovina', NULL, NULL, NULL, NULL, NULL, true, '2025-12-03 10:01:31', '2025-12-03 11:27:29');
INSERT INTO public.institutions (id, name, address, city, phone, email, website, institution_type, accreditation_status, logo_url, ownership_type, founded_on, accreditation_valid_from, accreditation_valid_to, competent_authority, notes, registration_number, tax_id, short_name, municipality, postal_code, country, founder_name, founding_act_reference, head_name, head_title, fax, is_active, created_at, updated_at) VALUES ('inst-visoka-kola-ameri-ka-kol-35', '*Visoka škola “Američka škola za ekonomiju”', '', 'Sarajevo', '', '', '', 'college', 'accredited', '/logos/visoka-kola-ameri-ka-kola-za-ekonomiju.svg', NULL, NULL, NULL, NULL, NULL, NULL, NULL, NULL, NULL, NULL, NULL, 'Bosna i Hercegovina', NULL, NULL, NULL, NULL, NULL, true, '2025-12-03 10:01:31', '2025-12-03 11:27:29');
INSERT INTO public.institutions (id, name, address, city, phone, email, website, institution_type, accreditation_status, logo_url, ownership_type, founded_on, accreditation_valid_from, accreditation_valid_to, competent_authority, notes, registration_number, tax_id, short_name, municipality, postal_code, country, founder_name, founding_act_reference, head_name, head_title, fax, is_active, created_at, updated_at) VALUES ('inst-visoka-kola-ceps-centar--36', 'Visoka škola “CEPS-centar za poslovne studije“ Kiseljak', '', 'Kiseljak', '', '', 'https://hea.gov.ba/Content/Read/ceps', 'college', 'accredited', '/logos/visoka-kola-ceps-centar-za-poslovne-studije-kiseljak.svg', NULL, NULL, NULL, NULL, NULL, NULL, NULL, NULL, NULL, NULL, NULL, 'Bosna i Hercegovina', NULL, NULL, NULL, NULL, NULL, true, '2025-12-03 10:01:31', '2025-12-03 11:27:29');
INSERT INTO public.institutions (id, name, address, city, phone, email, website, institution_type, accreditation_status, logo_url, ownership_type, founded_on, accreditation_valid_from, accreditation_valid_to, competent_authority, notes, registration_number, tax_id, short_name, municipality, postal_code, country, founder_name, founding_act_reference, head_name, head_title, fax, is_active, created_at, updated_at) VALUES ('inst-visoka-poslovno-tehni-ka-37', 'Visoka poslovno tehnička škola Doboj', '', 'Doboj', '', '', 'https://hea.gov.ba/Content/Read/vpts-doboj', 'college', 'accredited', '/logos/visoka-poslovno-tehni-ka-kola-doboj.svg', NULL, NULL, NULL, NULL, NULL, NULL, NULL, NULL, NULL, NULL, NULL, 'Bosna i Hercegovina', NULL, NULL, NULL, NULL, NULL, true, '2025-12-03 10:01:31', '2025-12-03 11:27:29');
INSERT INTO public.institutions (id, name, address, city, phone, email, website, institution_type, accreditation_status, logo_url, ownership_type, founded_on, accreditation_valid_from, accreditation_valid_to, competent_authority, notes, registration_number, tax_id, short_name, municipality, postal_code, country, founder_name, founding_act_reference, head_name, head_title, fax, is_active, created_at, updated_at) VALUES ('inst-visoka-kola-logos-centar-38', 'Visoka škola “Logos centar”', '', 'Mostar', '', '', 'https://hea.gov.ba/Content/Read/logos', 'college', 'accredited', '/logos/visoka-kola-logos-centar.svg', NULL, NULL, NULL, NULL, NULL, NULL, NULL, NULL, NULL, NULL, NULL, 'Bosna i Hercegovina', NULL, NULL, NULL, NULL, NULL, true, '2025-12-03 10:01:31', '2025-12-03 11:27:29');
INSERT INTO public.institutions (id, name, address, city, phone, email, website, institution_type, accreditation_status, logo_url, ownership_type, founded_on, accreditation_valid_from, accreditation_valid_to, competent_authority, notes, registration_number, tax_id, short_name, municipality, postal_code, country, founder_name, founding_act_reference, head_name, head_title, fax, is_active, created_at, updated_at) VALUES ('inst-visoka-kola-ra-unarstva--39', 'Visoka škola računarstva i poslovnih komunikacija eMPIRICA u BD BiH', '', 'Brčko', '', '', 'https://hea.gov.ba/Content/Read/empirica', 'college', 'accredited', '/logos/visoka-kola-ra-unarstva-i-poslovnih-komunikacija-empirica-u-bd-bih.svg', NULL, NULL, NULL, NULL, NULL, NULL, NULL, NULL, NULL, NULL, NULL, 'Bosna i Hercegovina', NULL, NULL, NULL, NULL, NULL, true, '2025-12-03 10:01:31', '2025-12-03 11:27:29');
INSERT INTO public.institutions (id, name, address, city, phone, email, website, institution_type, accreditation_status, logo_url, ownership_type, founded_on, accreditation_valid_from, accreditation_valid_to, competent_authority, notes, registration_number, tax_id, short_name, municipality, postal_code, country, founder_name, founding_act_reference, head_name, head_title, fax, is_active, created_at, updated_at) VALUES ('inst-visoka-kola-za-turizam-i-40', '*Visoka škola za turizam i menadžment Konjic', '', 'Konjic', '', '', 'https://hea.gov.ba/Content/Read/konjic', 'college', 'accredited', '/logos/visoka-kola-za-turizam-i-menad-ment-konjic.svg', NULL, NULL, NULL, NULL, NULL, NULL, NULL, NULL, NULL, NULL, NULL, 'Bosna i Hercegovina', NULL, NULL, NULL, NULL, NULL, true, '2025-12-03 10:01:31', '2025-12-03 11:27:29');
INSERT INTO public.institutions (id, name, address, city, phone, email, website, institution_type, accreditation_status, logo_url, ownership_type, founded_on, accreditation_valid_from, accreditation_valid_to, competent_authority, notes, registration_number, tax_id, short_name, municipality, postal_code, country, founder_name, founding_act_reference, head_name, head_title, fax, is_active, created_at, updated_at) VALUES ('inst-visoka-kola-za-savremeno-41', 'Visoka škola za savremeno poslovanje, informacione tehnologije i tržišne komunikacije „Internacionalna poslovno-informaciona akademija“ Tuzla', '', 'Tuzla', '', '', 'https://hea.gov.ba/Content/Read/vs-tuzla', 'college', 'accredited', '/logos/visoka-kola-za-savremeno-poslovanje-informacione-tehnologije-i-tr-i-ne-komunikacije-internacionalna-poslovno-informaciona-akademija-tuzla.svg', NULL, NULL, NULL, NULL, NULL, NULL, NULL, NULL, NULL, NULL, NULL, 'Bosna i Hercegovina', NULL, NULL, NULL, NULL, NULL, true, '2025-12-03 10:01:31', '2025-12-03 11:27:29');
INSERT INTO public.institutions (id, name, address, city, phone, email, website, institution_type, accreditation_status, logo_url, ownership_type, founded_on, accreditation_valid_from, accreditation_valid_to, competent_authority, notes, registration_number, tax_id, short_name, municipality, postal_code, country, founder_name, founding_act_reference, head_name, head_title, fax, is_active, created_at, updated_at) VALUES ('inst-visoka-medicinska-kola-z-42', 'Visoka medicinska škola zdravstva', '', 'Doboj', '', '', 'https://hea.gov.ba/Content/Read/vmsz-doboj', 'college', 'accredited', '/logos/visoka-medicinska-kola-zdravstva.svg', NULL, NULL, NULL, NULL, NULL, NULL, NULL, NULL, NULL, NULL, NULL, 'Bosna i Hercegovina', NULL, NULL, NULL, NULL, NULL, true, '2025-12-03 10:01:31', '2025-12-03 11:27:29');
INSERT INTO public.institutions (id, name, address, city, phone, email, website, institution_type, accreditation_status, logo_url, ownership_type, founded_on, accreditation_valid_from, accreditation_valid_to, competent_authority, notes, registration_number, tax_id, short_name, municipality, postal_code, country, founder_name, founding_act_reference, head_name, head_title, fax, is_active, created_at, updated_at) VALUES ('inst-visoka-kola-za-finansije-43', '*Visoka škola za finansije i računovodstvo FINRA', '', 'Tuzla', '', '', 'https://hea.gov.ba/Content/Read/finra-tuzla', 'college', 'accredited', '/logos/visoka-kola-za-finansije-i-ra-unovodstvo-finra.svg', NULL, NULL, NULL, NULL, NULL, NULL, NULL, NULL, NULL, NULL, NULL, 'Bosna i Hercegovina', NULL, NULL, NULL, NULL, NULL, true, '2025-12-03 10:01:31', '2025-12-03 11:27:29');
INSERT INTO public.institutions (id, name, address, city, phone, email, website, institution_type, accreditation_status, logo_url, ownership_type, founded_on, accreditation_valid_from, accreditation_valid_to, competent_authority, notes, registration_number, tax_id, short_name, municipality, postal_code, country, founder_name, founding_act_reference, head_name, head_title, fax, is_active, created_at, updated_at) VALUES ('inst-visoka-kola-komunikolo-k-44', '*Visoka škola Komunikološki koledž u Banjoj Luci Kapa Fi', '', 'Banja Luka', '', '', '', 'college', 'accredited', '/logos/visoka-kola-komunikolo-ki-koled-u-banjoj-luci-kapa-fi.svg', NULL, NULL, NULL, NULL, NULL, NULL, NULL, NULL, NULL, NULL, NULL, 'Bosna i Hercegovina', NULL, NULL, NULL, NULL, NULL, true, '2025-12-03 10:01:31', '2025-12-03 11:27:29');
INSERT INTO public.institutions (id, name, address, city, phone, email, website, institution_type, accreditation_status, logo_url, ownership_type, founded_on, accreditation_valid_from, accreditation_valid_to, competent_authority, notes, registration_number, tax_id, short_name, municipality, postal_code, country, founder_name, founding_act_reference, head_name, head_title, fax, is_active, created_at, updated_at) VALUES ('inst-visoka-kola-primus-gradi-45', '*Visoka škola „Primus“ Gradiška', '', 'Gradiška', '', '', '', 'college', 'accredited', '/logos/visoka-kola-primus-gradi-ka.svg', NULL, NULL, NULL, NULL, NULL, NULL, NULL, NULL, NULL, NULL, NULL, 'Bosna i Hercegovina', NULL, NULL, NULL, NULL, NULL, true, '2025-12-03 10:01:31', '2025-12-03 11:27:29');
INSERT INTO public.study_programs (id, institution_id, name, degree_level, duration_years, ects_credits, accreditation_status, accreditation_expiry, created_at, updated_at) VALUES ('prog-001', 'inst-001', 'Računarstvo i informatika', 'bachelor', 3, 180, 'accredited', '2025-12-31', '2025-12-03 09:37:31', '2025-12-03 09:37:31');
INSERT INTO public.study_programs (id, institution_id, name, degree_level, duration_years, ects_credits, accreditation_status, accreditation_expiry, created_at, updated_at) VALUES ('prog-002', 'inst-001', 'Elektrotehnika', 'bachelor', 3, 180, 'accredited', '2025-12-31', '2025-12-03 09:37:31', '2025-12-03 09:37:31');
INSERT INTO public.study_programs (id, institution_id, name, degree_level, duration_years, ects_credits, accreditation_status, accreditation_expiry, created_at, updated_at) VALUES ('prog-003', 'inst-001', 'Pravo', 'bachelor', 4, 240, 'accredited', '2026-06-30', '2025-12-03 09:37:31', '2025-12-03 09:37:31');
INSERT INTO public.study_programs (id, institution_id, name, degree_level, duration_years, ects_credits, accreditation_status, accreditation_expiry, created_at, updated_at) VALUES ('prog-004', 'inst-002', 'Strojarstvo', 'bachelor', 3, 180, 'accredited', '2025-09-30', '2025-12-03 09:37:31', '2025-12-03 09:37:31');
INSERT INTO public.study_programs (id, institution_id, name, degree_level, duration_years, ects_credits, accreditation_status, accreditation_expiry, created_at, updated_at) VALUES ('prog-005', 'inst-002', 'Ekonomija', 'bachelor', 3, 180, 'accredited', '2026-03-31', '2025-12-03 09:37:31', '2025-12-03 09:37:31');
INSERT INTO public.study_programs (id, institution_id, name, degree_level, duration_years, ects_credits, accreditation_status, accreditation_expiry, created_at, updated_at) VALUES ('prog-006', 'inst-003', 'Medicina', 'bachelor', 6, 360, 'accredited', '2027-12-31', '2025-12-03 09:37:31', '2025-12-03 09:37:31');
INSERT INTO public.study_programs (id, institution_id, name, degree_level, duration_years, ects_credits, accreditation_status, accreditation_expiry, created_at, updated_at) VALUES ('prog-007', 'inst-005', 'Matematika', 'bachelor', 4, 240, 'accredited', '2026-12-31', '2025-12-03 09:47:46', '2025-12-03 09:47:46');
INSERT INTO public.study_programs (id, institution_id, name, degree_level, duration_years, ects_credits, accreditation_status, accreditation_expiry, created_at, updated_at) VALUES ('prog-008', 'inst-005', 'Informatika', 'master', 2, 120, 'accredited', '2027-06-30', '2025-12-03 09:47:46', '2025-12-03 09:47:46');
INSERT INTO public.study_programs (id, institution_id, name, degree_level, duration_years, ects_credits, accreditation_status, accreditation_expiry, created_at, updated_at) VALUES ('prog-009', 'inst-006', 'Građevinarstvo', 'bachelor', 4, 240, 'accredited', '2026-09-30', '2025-12-03 09:47:46', '2025-12-03 09:47:46');
INSERT INTO public.study_programs (id, institution_id, name, degree_level, duration_years, ects_credits, accreditation_status, accreditation_expiry, created_at, updated_at) VALUES ('prog-010', 'inst-006', 'Metalurgija', 'bachelor', 4, 240, 'accredited', '2026-05-31', '2025-12-03 09:47:46', '2025-12-03 09:47:46');
INSERT INTO public.study_programs (id, institution_id, name, degree_level, duration_years, ects_credits, accreditation_status, accreditation_expiry, created_at, updated_at) VALUES ('prog-011', 'inst-007', 'Ekonomija', 'bachelor', 3, 180, 'accredited', '2026-03-31', '2025-12-03 09:47:46', '2025-12-03 09:47:46');
INSERT INTO public.study_programs (id, institution_id, name, degree_level, duration_years, ects_credits, accreditation_status, accreditation_expiry, created_at, updated_at) VALUES ('prog-012', 'inst-007', 'Pravo', 'master', 2, 120, 'accredited', '2027-03-31', '2025-12-03 09:47:46', '2025-12-03 09:47:46');
INSERT INTO public.study_programs (id, institution_id, name, degree_level, duration_years, ects_credits, accreditation_status, accreditation_expiry, created_at, updated_at) VALUES ('prog-013', 'inst-008', 'Šumarstvo', 'bachelor', 4, 240, 'accredited', '2026-11-30', '2025-12-03 09:47:46', '2025-12-03 09:47:46');
INSERT INTO public.study_programs (id, institution_id, name, degree_level, duration_years, ects_credits, accreditation_status, accreditation_expiry, created_at, updated_at) VALUES ('prog-014', 'inst-009', 'Software Engineering', 'bachelor', 4, 240, 'accredited', '2027-12-31', '2025-12-03 09:47:46', '2025-12-03 09:47:46');
INSERT INTO public.study_programs (id, institution_id, name, degree_level, duration_years, ects_credits, accreditation_status, accreditation_expiry, created_at, updated_at) VALUES ('prog-015', 'inst-009', 'International Relations', 'bachelor', 4, 240, 'accredited', '2027-12-31', '2025-12-03 09:47:46', '2025-12-03 09:47:46');
INSERT INTO public.study_programs (id, institution_id, name, degree_level, duration_years, ects_credits, accreditation_status, accreditation_expiry, created_at, updated_at) VALUES ('prog-016', 'inst-010', 'Computer Science', 'bachelor', 4, 240, 'accredited', '2026-12-31', '2025-12-03 09:47:46', '2025-12-03 09:47:46');
INSERT INTO public.study_programs (id, institution_id, name, degree_level, duration_years, ects_credits, accreditation_status, accreditation_expiry, created_at, updated_at) VALUES ('prog-017', 'inst-010', 'Information Systems', 'master', 2, 120, 'accredited', '2027-06-30', '2025-12-03 09:47:46', '2025-12-03 09:47:46');
INSERT INTO public.study_programs (id, institution_id, name, degree_level, duration_years, ects_credits, accreditation_status, accreditation_expiry, created_at, updated_at) VALUES ('prog-018', 'inst-011', 'Mašinstvo', 'bachelor', 4, 240, 'accredited', '2026-10-31', '2025-12-03 09:47:46', '2025-12-03 09:47:46');
INSERT INTO public.study_programs (id, institution_id, name, degree_level, duration_years, ects_credits, accreditation_status, accreditation_expiry, created_at, updated_at) VALUES ('prog-019', 'inst-011', 'Nastavnički smjer', 'master', 2, 120, 'accredited', '2027-05-31', '2025-12-03 09:47:46', '2025-12-03 09:47:46');
INSERT INTO public.study_programs (id, institution_id, name, degree_level, duration_years, ects_credits, accreditation_status, accreditation_expiry, created_at, updated_at) VALUES ('prog-020', 'inst-012', 'Biznis i menadžment', 'bachelor', 3, 180, 'accredited', '2026-07-31', '2025-12-03 09:47:46', '2025-12-03 09:47:46');
INSERT INTO public.study_programs (id, institution_id, name, degree_level, duration_years, ects_credits, accreditation_status, accreditation_expiry, created_at, updated_at) VALUES ('prog-1764766393956', 'inst-american-northwest-unive-25', 'Ekonomija', 'master', 3, 180, 'accredited', '2025-12-03', '2025-12-03 12:53:13', '2025-12-03 14:05:42');
INSERT INTO public.study_programs (id, institution_id, name, degree_level, duration_years, ects_credits, accreditation_status, accreditation_expiry, created_at, updated_at) VALUES ('prog-1764770624830', 'inst-american-northwest-unive-25', 'PMF', 'master', 3, 180, 'pending', '2025-12-17', '2025-12-03 14:03:44', '2025-12-04 09:51:31');
INSERT INTO public.accreditation_processes (id, institution_id, program_id, assigned_officer_id, process_type, status, application_date, decision_date, decision, notes, created_at, updated_at) VALUES ('proc-1764766404935', 'inst-american-northwest-unive-25', NULL, NULL, 'initial', 'submitted', '2025-12-03', NULL, NULL, '2342', '2025-12-03 12:53:24', '2025-12-03 12:53:24');
INSERT INTO public.accreditation_processes (id, institution_id, program_id, assigned_officer_id, process_type, status, application_date, decision_date, decision, notes, created_at, updated_at) VALUES ('proc-1764771608085', 'inst-american-northwest-unive-25', NULL, NULL, 're-evaluation', 'submitted', '2025-12-03', NULL, NULL, 'dgdf', '2025-12-03 14:20:08', '2025-12-03 14:22:40');
INSERT INTO public.accreditation_processes (id, institution_id, program_id, assigned_officer_id, process_type, status, application_date, decision_date, decision, notes, created_at, updated_at) VALUES ('proc-1764773197210', 'inst-001', NULL, NULL, 'renewal', 'submitted', '2025-12-03', NULL, NULL, 'qewer', '2025-12-03 14:46:37', '2025-12-03 14:46:47');
INSERT INTO public.documents (id, institution_id, program_id, process_id, document_type, title, description, issuer, issued_at, number, file_name, file_path, file_size, mime_type, sha256, version, is_confidential, tags, uploaded_by, uploaded_at) VALUES ('doc-1764840941495', 'inst-american-northwest-unive-25', NULL, NULL, 'application', '1', '1', '1', '0001-01-01', '1', '2025-12-04_application_CBAM_Declaration_1_2024.pdf', '/storage/app/files/inst-american-northwest-unive-25/2025-12-04_application_CBAM_Declaration_1_2024.pdf', 7093, 'application/pdf', '2e8252840fc338dd17b8776ebdea9e6f083402c1eb3710c45ea3dce413ab696e', 1, false, NULL, 'user-001', '2025-12-04 09:35:41');
INSERT INTO public.users (id, email, password, full_name, role, is_active, institution_id, created_at) VALUES ('user-001', 'admin@registry.ba', 'admin123', 'Administrator Sistema', 'admin', true, NULL, '2025-12-03 09:37:31');
INSERT INTO public.users (id, email, password, full_name, role, is_active, institution_id, created_at) VALUES ('user-002', 'officer@registry.ba', 'officer123', 'Službenik za akreditaciju', 'operator', true, NULL, '2025-12-03 09:37:31');
INSERT INTO public.users (id, email, password, full_name, role, is_active, institution_id, created_at) VALUES ('user-003', 'info@unsa.ba', 'institution123', 'UNSA Administrator', 'institution', true, 'inst-001', '2025-12-04 08:54:13');
INSERT INTO public.users (id, email, password, full_name, role, is_active, institution_id, created_at) VALUES ('user-004', 'info@unibl.org', 'institution123', 'UNBL Administrator', 'institution', true, 'inst-005', '2025-12-04 08:54:13');
INSERT INTO public.users (id, email, password, full_name, role, is_active, institution_id, created_at) VALUES ('user-005', 'info@unze.ba', 'institution123', 'UNZE Administrator', 'institution', true, 'inst-006', '2025-12-04 08:54:13');
INSERT INTO public.users (id, email, password, full_name, role, is_active, institution_id, created_at) VALUES ('user-008', 'info@ius.edu.ba', 'institution123', 'IUS Administrator', 'institution', true, 'inst-009', '2025-12-04 08:54:13');
INSERT INTO public.users (id, email, password, full_name, role, is_active, institution_id, created_at) VALUES ('user-009', 'info@ssst.edu.ba', 'institution123', 'SSST Administrator', 'institution', true, 'inst-010', '2025-12-04 08:54:13');
INSERT INTO public.users (id, email, password, full_name, role, is_active, institution_id, created_at) VALUES ('user-010', 'info@unmo.ba', 'institution123', 'UNMO Administrator', 'institution', true, 'inst-011', '2025-12-04 08:54:13');
INSERT INTO public.users (id, email, password, full_name, role, is_active, institution_id, created_at) VALUES ('user-011', 'info@unt.ba', 'institution123', 'UNT Administrator', 'institution', true, 'inst-012', '2025-12-04 08:54:13');
INSERT INTO public.users (id, email, password, full_name, role, is_active, institution_id, created_at) VALUES ('user-006', 'info@ues.rs.ba', 'institution123', 'UES Administrator', 'institution', true, 'inst-007', '2025-12-04 10:37:04');
INSERT INTO public.users (id, email, password, full_name, role, is_active, institution_id, created_at) VALUES ('user-007', 'info@unbi.ba', 'institution123', 'UNBI Administrator', 'institution', true, 'inst-008', '2025-12-04 10:37:04');
INSERT INTO public.audit_logs (id, actor_id, actor_role, actor_name, action, resource_type, resource_id, changed_fields, prev_values, new_values, created_at) VALUES ('audit-1764764137667', 'user-001', 'admin', 'Administrator Sistema', 'debug', 'user', 'user-xyz', '["email"]', '{"email":"old"}', '{"email":"new"}', '2025-12-03 12:15:37');
INSERT INTO public.audit_logs (id, actor_id, actor_role, actor_name, action, resource_type, resource_id, changed_fields, prev_values, new_values, created_at) VALUES ('audit-1764764227096', 'user-001', 'admin', 'Administrator Sistema', 'delete', 'user', 'user-1764764021213', '["id","email","full_name","role","is_active","institution_id","created_at"]', '{"id":"user-1764764021213","email":"aaa@example.com","full_name":"AAA","role":"viewer","is_active":1,"institution_id":null,"created_at":"2025-12-03 12:13:41"}', NULL, '2025-12-03 12:17:07');
INSERT INTO public.audit_logs (id, actor_id, actor_role, actor_name, action, resource_type, resource_id, changed_fields, prev_values, new_values, created_at) VALUES ('audit-1764764371458', 'user-001', 'admin', 'Administrator Sistema', 'delete', 'user', 'user-003', '["id","email","full_name","role","is_active","institution_id","created_at"]', '{"id":"user-003","email":"info@unsa.ba","full_name":"UNSA Administrator","role":"institution","is_active":1,"institution_id":"inst-001","created_at":"2025-12-03 12:14:25"}', NULL, '2025-12-03 12:19:31');
INSERT INTO public.audit_logs (id, actor_id, actor_role, actor_name, action, resource_type, resource_id, changed_fields, prev_values, new_values, created_at) VALUES ('audit-1764764401475', 'user-001', 'admin', 'Administrator Sistema', 'update', 'user', 'user-006', '["full_name"]', '{"full_name":"UES Administrator"}', '{"full_name":"UES Administrator12"}', '2025-12-03 12:20:01');
INSERT INTO public.audit_logs (id, actor_id, actor_role, actor_name, action, resource_type, resource_id, changed_fields, prev_values, new_values, created_at) VALUES ('audit-1764766393975', 'user-001', 'admin', 'Administrator Sistema', 'create', 'study_program', 'prog-1764766393956', '["institution_id","name","degree_level","duration_years","ects_credits","accreditation_status","accreditation_expiry"]', NULL, '{"institution_id":"inst-american-northwest-unive-25","name":"test","degree_level":"bachelor","duration_years":3,"ects_credits":180,"accreditation_status":"accredited","accreditation_expiry":"2025-12-03"}', '2025-12-03 12:53:13');
INSERT INTO public.audit_logs (id, actor_id, actor_role, actor_name, action, resource_type, resource_id, changed_fields, prev_values, new_values, created_at) VALUES ('audit-1764766404941', 'user-001', 'admin', 'Administrator Sistema', 'create', 'accreditation_process', 'proc-1764766404935', '["institution_id","process_type","application_date","notes","program_id"]', NULL, '{"institution_id":"inst-american-northwest-unive-25","process_type":"initial","application_date":"2025-12-03","notes":"2342","program_id":"prog-1764766393956"}', '2025-12-03 12:53:24');
INSERT INTO public.audit_logs (id, actor_id, actor_role, actor_name, action, resource_type, resource_id, changed_fields, prev_values, new_values, created_at) VALUES ('audit-1764767856772', 'user-001', 'admin', 'Administrator Sistema', 'delete', 'user', 'user-008', '["id","email","full_name","role","is_active","institution_id","created_at"]', '{"id":"user-008","email":"info@ius.edu.ba","full_name":"IUS Administrator","role":"institution","is_active":1,"institution_id":"inst-009","created_at":"2025-12-03 11:41:17"}', NULL, '2025-12-03 13:17:36');
INSERT INTO public.audit_logs (id, actor_id, actor_role, actor_name, action, resource_type, resource_id, changed_fields, prev_values, new_values, created_at) VALUES ('audit-1764767858519', 'user-001', 'admin', 'Administrator Sistema', 'delete', 'user', 'user-007', '["id","email","full_name","role","is_active","institution_id","created_at"]', '{"id":"user-007","email":"info@unbi.ba","full_name":"UNBI Administrator","role":"institution","is_active":1,"institution_id":"inst-008","created_at":"2025-12-03 12:14:25"}', NULL, '2025-12-03 13:17:38');
INSERT INTO public.audit_logs (id, actor_id, actor_role, actor_name, action, resource_type, resource_id, changed_fields, prev_values, new_values, created_at) VALUES ('audit-1764767859883', 'user-001', 'admin', 'Administrator Sistema', 'delete', 'user', 'user-009', '["id","email","full_name","role","is_active","institution_id","created_at"]', '{"id":"user-009","email":"info@ssst.edu.ba","full_name":"SSST Administrator","role":"institution","is_active":1,"institution_id":"inst-010","created_at":"2025-12-03 12:14:25"}', NULL, '2025-12-03 13:17:39');
INSERT INTO public.audit_logs (id, actor_id, actor_role, actor_name, action, resource_type, resource_id, changed_fields, prev_values, new_values, created_at) VALUES ('audit-1764767861233', 'user-001', 'admin', 'Administrator Sistema', 'delete', 'user', 'user-010', '["id","email","full_name","role","is_active","institution_id","created_at"]', '{"id":"user-010","email":"info@unmo.ba","full_name":"UNMO Administrator","role":"institution","is_active":1,"institution_id":"inst-011","created_at":"2025-12-03 12:14:25"}', NULL, '2025-12-03 13:17:41');
INSERT INTO public.audit_logs (id, actor_id, actor_role, actor_name, action, resource_type, resource_id, changed_fields, prev_values, new_values, created_at) VALUES ('audit-1764767862676', 'user-001', 'admin', 'Administrator Sistema', 'delete', 'user', 'user-006', '["id","email","full_name","role","is_active","institution_id","created_at"]', '{"id":"user-006","email":"info@ues.rs.ba","full_name":"UES Administrator12","role":"institution","is_active":1,"institution_id":"inst-007","created_at":"2025-12-03 12:14:25"}', NULL, '2025-12-03 13:17:42');
INSERT INTO public.audit_logs (id, actor_id, actor_role, actor_name, action, resource_type, resource_id, changed_fields, prev_values, new_values, created_at) VALUES ('audit-1764767864197', 'user-001', 'admin', 'Administrator Sistema', 'delete', 'user', 'user-005', '["id","email","full_name","role","is_active","institution_id","created_at"]', '{"id":"user-005","email":"info@unze.ba","full_name":"UNZE Administrator","role":"institution","is_active":1,"institution_id":"inst-006","created_at":"2025-12-03 11:41:17"}', NULL, '2025-12-03 13:17:44');
INSERT INTO public.audit_logs (id, actor_id, actor_role, actor_name, action, resource_type, resource_id, changed_fields, prev_values, new_values, created_at) VALUES ('audit-1764767865779', 'user-001', 'admin', 'Administrator Sistema', 'delete', 'user', 'user-011', '["id","email","full_name","role","is_active","institution_id","created_at"]', '{"id":"user-011","email":"info@unt.ba","full_name":"UNT Administrator","role":"institution","is_active":1,"institution_id":"inst-012","created_at":"2025-12-03 12:14:25"}', NULL, '2025-12-03 13:17:45');
INSERT INTO public.audit_logs (id, actor_id, actor_role, actor_name, action, resource_type, resource_id, changed_fields, prev_values, new_values, created_at) VALUES ('audit-1764767867944', 'user-001', 'admin', 'Administrator Sistema', 'delete', 'user', 'user-004', '["id","email","full_name","role","is_active","institution_id","created_at"]', '{"id":"user-004","email":"info@unibl.org","full_name":"UNBL Administrator12","role":"institution","is_active":1,"institution_id":"inst-005","created_at":"2025-12-03 09:47:46"}', NULL, '2025-12-03 13:17:47');
INSERT INTO public.audit_logs (id, actor_id, actor_role, actor_name, action, resource_type, resource_id, changed_fields, prev_values, new_values, created_at) VALUES ('audit-1764770595011', 'user-001', 'admin', 'Administrator Sistema', 'update', 'institution', 'inst-american-northwest-unive-25', '["address","email","phone","ownership_type","founded_on","accreditation_valid_from","accreditation_valid_to","competent_authority","notes"]', '{"address":"","email":"","phone":"","ownership_type":null,"founded_on":null,"accreditation_valid_from":null,"accreditation_valid_to":null,"competent_authority":null,"notes":null}', '{"address":"Adresa MArka Kraljevićam","email":"email@gmail.com","phone":"2232234 424 234","ownership_type":"","founded_on":"2025-12-01","accreditation_valid_from":"2025-11-30","accreditation_valid_to":"2025-12-01","competent_authority":"NAdležna","notes":"neka napomena"}', '2025-12-03 14:03:15');
INSERT INTO public.audit_logs (id, actor_id, actor_role, actor_name, action, resource_type, resource_id, changed_fields, prev_values, new_values, created_at) VALUES ('audit-1764770624837', 'user-001', 'admin', 'Administrator Sistema', 'create', 'study_program', 'prog-1764770624830', '["institution_id","name","degree_level","duration_years","ects_credits","accreditation_status","accreditation_expiry"]', NULL, '{"institution_id":"inst-american-northwest-unive-25","name":"PMF","degree_level":"bachelor","duration_years":3,"ects_credits":180,"accreditation_status":"pending","accreditation_expiry":"2025-12-17"}', '2025-12-03 14:03:44');
INSERT INTO public.audit_logs (id, actor_id, actor_role, actor_name, action, resource_type, resource_id, changed_fields, prev_values, new_values, created_at) VALUES ('audit-1764770736392', 'user-001', 'admin', 'Administrator Sistema', 'update', 'study_program', 'prog-1764766393956', '["name"]', '{"name":"test"}', '{"name":"Ekonomija"}', '2025-12-03 14:05:36');
INSERT INTO public.audit_logs (id, actor_id, actor_role, actor_name, action, resource_type, resource_id, changed_fields, prev_values, new_values, created_at) VALUES ('audit-1764770742117', 'user-001', 'admin', 'Administrator Sistema', 'update', 'study_program', 'prog-1764766393956', '["degree_level"]', '{"degree_level":"bachelor"}', '{"degree_level":"master"}', '2025-12-03 14:05:42');
INSERT INTO public.audit_logs (id, actor_id, actor_role, actor_name, action, resource_type, resource_id, changed_fields, prev_values, new_values, created_at) VALUES ('audit-1764770791182', 'user-001', 'admin', 'Administrator Sistema', 'update', 'institution', 'inst-american-northwest-unive-25', '["ownership_type"]', '{"ownership_type":""}', '{"ownership_type":"Privatna"}', '2025-12-03 14:06:31');
INSERT INTO public.audit_logs (id, actor_id, actor_role, actor_name, action, resource_type, resource_id, changed_fields, prev_values, new_values, created_at) VALUES ('audit-1764771122339', 'user-001', 'admin', 'Administrator Sistema', 'update', 'institution', 'inst-american-northwest-unive-25', '["logo_url"]', '{"logo_url":"/logos/american-northwest-university-of-health-science-and-techology-ameri-ki-sjevero-zapad-univerzitet-za-zdravstvene-nauke-i-tehnologije.svg"}', '{"logo_url":"data:image/png;base64,iVBORw0KGgoAAAANSUhEUgAAAOcAAADaCAMAAABqzqVhAAACnVBMVEX////jvVAIO5YJW77lvk8JXL3ivVDnwE0AOZUAOJcUQprpwUztxE0ANpQAOZcANpfwx0gbVKXpz3gAKpsANJgASauhaQwAIo4AR6wATqgAKJwAKJAAS6r9ogAALpoAMZmkcAv/sACrAAAARa0AK5EANZ0AII4AWMIAVsWhAAD9qAAAJp0ASbexAAASUaaXAACEAADw8/j/tQCNAADWtVu7vb8+TF6CAADK0eSuex++kTfMp03my2lvg7gAQa/a29zc4e0AAAAAVcmwml53AACMm8XJrF6bi3bEqmdfdrGLh4d8f4ygrM6nmHm5oFuUjYF3c2OUmJ2zoHJ2fIRBX6KTh2QAMlSCksDFx8j+3bX+79y0vtjQsFw+XKVsbIWDen00SpJIVY5XX4pgc5VTXWhgZ3DFgwCsr7EAObO6kFlOZpxubmkYL2AUPoHkkgBRfMj6zD7WoSgAADGAeWQATdMAGkQAJUiZYmKoi3oAJkTu2trAnJ3+2a39x3/+9egAMs+YWAD9vV1zcIPYoVTdyruQclyKWjpuWlPcrXO9bQCuawDMp3yve0SYSwBjQBvlriXc0JmMXhvgwXnj3by4WwC4rY3UxIhpIgC+fDydeFLU0aiRZDT9453OkADgkzCUVRfQspyUPACTQypqHQpoSETavJZRBQA4EBJqMB2aPQCCPyRcMSQpGCScailZIg3Rj2loRRRKN0oRAR0zHQAADlseAABOMw8ALXU5RmgnHhIAKGRPSkZ2QgC3j3RscqJkUzwxLjKXMjJRY3vSnl6+eV/EYmqqiYrboJ8oRmW7WDi2NDW4Ox9zMDEAAD4nQG3Iennhvb3DckVRQzi1SEfkytWZV1jGajfYpaTALCwxAAD8tEWgSEikZGV3RUUAKtLIGC/5AAAgAElEQVR4nO19jV9TZ55vcnI4J+QckhMThEAM8mYQJBo9pEDAZEkNgRgwISBieA8gqFNTFd8qtUBnqtbBgY7jtNI6naU7d2bn7uzOzu3czsKOulXX7YzOdmfqdrrzt9zf85y8B8gBtXbux9+nRThJTp7v+b19f8+rRPJCXsgLeSEv5IW8kBfyQl7IC3khL+SFvJAX8kKer5jt1Qf37qlv8nebFCAmtb+pfv/evdV28/Nu2dMSe/Xe+m7tlpz8khKtSpWVpZSDKJVZWSptSUl+zpYSddOeg/bn3conEnP1Hn8+AFRlEYLIlZmqsGQq5ZFrWdqSnC3d+/86wZoP7ldsyddmITTyTG1pgaYiz0D09Q8M9CAZ6O9T4EsFWpUSwc1SleRo6w/+dZmxfW93Tr4WtV+pKtDkEQPuRp+TpzkQNizod4YKOBp7BxSavAJtJgILWE177M+79SLFvseUU4L0mKnVaPomPU4S0NE0KUVCoR8kif+gKJKkaYblmICvt9+Qp1XBh5TaHOX+6ueNIa2YQZNIkUqtQdPf6iIBoQAwXqgAT5IMG3uBpFmOdTYOFGiQXuXaHMU3W6vVTfklWQhknsLtIDmGToGIhPbt3u1y7d7Nx10DDZM0x7qa+/IKMrFW/QefN5qVZK86B8xVrtUoWgOgR2g8wyyL06M3Nbv0xVTsEkvxLHovyXB8Y39eAVhEVr5yzzcwKpn3qErAvVSGzF4nxyDtsKSztXU5jdIendrv0hXHLJodzM01NXJhGwaofRoVst/8evvzxpUo5v35JViVAw4O+x3Je9zHlvRqbhmcTKNOrW/U5bLRC816dbcptzGifYDqnDQUwA1VW5rszxtbTMz7c7TQqAJDL8/REQ1l5/p8umIqNQpJmVad2jRmyo4+A06tzmV1Jj8Xs2SSpRsVBvDUrG8O0j35gFJpUHpYJoqK9unVeqpY51nGcJlmkxpEF8VJFau7qWzTWAwnimA05+jXAFLVlvpvgp8eRH6pNCh8XDwkksxWm3rGdIOsNEUYt26sW602RWDBMzG5fTpdczRqMR4fxyCkzv4KjHTP80ZpV+eDxQooqfjwyo2Z1Dq/Wr+Mg7Ju3eAkqDSCk2nW6Xxuk94RfVCsXq9rRH5OAtI8JSEvyXy+WWb/FkiXBVoP0iVLN3ti2sNOCH7nSnVQblA3iEJuBCfnNxVT8NaoLzPwql6nD5BAn0jO1WeAR5njf37GWy3XglHlNeNcyTdn63L5KCrSmWtCKm1NTaHcgG6Qh1cjqmZz1SY6V90di0vd6myfybQkXKA5jxZ9z5a9zwlmfQ48Z80AhZVIN2aDy/ljZsqZdK3d6hiaeH12u4/psiOvkNRuU48LXDRiDLQrW93NZpsGIx+lmd68TEKe3/08VFpNwEPWZjq4sArJYrXfpG9lIzGT7dF188VgjSk4KSCz0rjYDHbr94OFR9wTXNs0OGjK9sUCG8v3GSDH5Hz9Kt2/BZSZN8lG28INmvyDplxn5AJE0VxyMnt3rLW4OkHCoh9QwQhlCyh0rDi32B3RHhkAO9aZ9HGWAPSKa4QcI89p+npVau4uAWUqXXFGCWwu26FXqyPWB+a420N6KAbxG6i+pHygxeFrbz+Opb293dHi5KWAGfByvIuPhjDODRbvBsuI3doJRsNS/aBSFWH/GmFWlwD91PSwCSSALja5PTpdVC+MJ0BLaRp4Lu9o3xe0WCzBobY2b0TahvClw+2OABgxQ0bsm6SygR2pTbGwRPK7x+AxgEorlITyawxHe8FmM/N80BA6DikYrhqYTszPEEaqpf0woGnzdtqWsTizrXPEO2SxDLW3UJFCFbKpaRLCUhxraMwG8otUGkAxIafpa4JZnwM2q6AYiiF9vpjl0j7ImNkmtT7sdTQb8AHGtpHOdD5lG2kLAlYng2IT26rfzY+pi2MpSsoh4u+HdEqzA2C7JeqvxUmRa2p64PFynmK9Po58Qw7Us2O5akQNAGQ7tH3EJvaugNViOd4ClIrhfM5DusG4KETp4QFmYwWD7cqJLJX9GeITxKxQEfKKRkDHeIoRG1+KAgXDzfbwPo4kWcoXtLRVrfWxdzZbLO0BlqQZ52Acj0J5ZokSgFOsy4Cc9Fn3INm1WYRS40JZklPr3KDCQy5S6N1C/SFjLsgXrHMfaHJFkHMTq9y/s81y2IEcO+b4jEevzqbISGKmKXjSxJZny3ftQIFUmTxuBGdSZ7t8Jp6NtICkXBw00TFk8a5mrlPTq36F2RsMtlMxtkhSucAC49gjyfYXANBnGXarIdCq+ijhWTOtUGIyDOdQRxsBud8RDK6sSiQT1jfTfU3VkCWGFLOjRPLI9RiAMjy7Wq16CwTa/ihhA75mGjvWXKyLMFPQJaBMc5OuS99O/02dUaRMo16tS6h5IP9wkxB2nxlQpM2CgVi3K4qD+lYwK6GiItmW9CgnuqY3fse2moeGBZD6cHY+ZMqNt1op64Nv43o1zwxodQ6CGW9BjC9XXez06DBOlj9sSYPSPP3WxdCG0MVLF967mT4WVwWDLayU5v0JVsv6itUIaKvmGfmoPT8MM86IODdktjH9IEvRdLuledW2d11+++KV70pn+KvSmvnvfW/Y9f2udF/pteyj6GigDcOEJN1zLAL06Udds1YJvsmBsTrje0eWsnXFg1BlOYPB1SnB3PDUfKtNMhG4etXB1ErMVdbZt2fTfmmbxcHGdxmyjly1bpDVQcTnmhHQp55HFVmEtg8xWn9uAlBPq4sj6eMW7+oNnphdpLBXzr3rucrjRzI7W5sWqKTKcpiKK0NdxWoIvjpTtgv5KASjLfangC1OulVEpoKVUtyYDph6HFCaoRl+dWWeHb34zuzo3DX8x8S733eFf9uwSP/g26fTMENQaQsbB1Ot86hNJhOwX4rrKSDk2qfKdZtKCKUKl8WMX6cudsX3VrK+1ZV5uXbm2tm5H87NCX+++/1A+LfZ71unT195x5Pmu0csx4VUxiBtQpYBrIItc/0qIsv0FOBFZG8OIdcILIhkQaPFvihQkt5nqVrts5fnroLBzo1GcF71WcO/8b7aCYn5+vs/TPPttuAQsl0aYOqW+OwoTHjECggaT69MQ/ygImKsYaDhWE9TQ6sHoK7Lcyiuzo2+e1W4QLfUCDi7ZkZD8ATMw8OrE0GQNgvEBHAZ3RinVpt0UY8lKYOcyH9aadRcIic0jTFT5ZYAqAcDZQKWttU/vHgD45sLtVDCheHaSwLihdB7U+jfy++nJ0heiLtQD41x3Sa1jo8FJtpZ8fSCbjeE2p74XM0NIqCgX7YlTZwFFALOifn3QpfRL9PDtVcwvIlLNR/gK3Pvf5C+DVWWdlbKUOpEmNACj4aQq55KLNoDMUiROEzCDep1fgayWToGBDjrWJxPLl3feAnZ582LNVdq0IW333nvIjbYt0ToE5zUchyAurP18TARMerREir/k+ALCzinPI9PGj3gesY4FGhXjUBYpodnsPo+GP758E30y8133sYvXLn0wY/QE5h+50+tYtphC+4D020OJGgT/kKx6Gm4KKEkNECkaTZhAAEiPdtu6RTx+dGLF1FAnVi8FI6riwKLn77w7XPwz80ffPgTcWZnRkCZ+AfONR/iSZLPexp0oR7MAlgt6xpsphO6MUXCBE2+cxP/Oz2KGiu5+d7itASgTn8HXz374x+nDbdhwUBjQnKD2SY1S7GNBiJLsXZkCYKstoBFucuk0zvjmaZPJEzQKPw/Ye66/ubotOSmZO6H010TNyXf3ve35yQoI/2b6K6yRKAk7cf5jcR0oeQJLResNs9Fk6TepAPCdywymIJCkFiYEtvp9ybOTku6XAtzUxfenhqeeuv9D25OvwdabZW8+abo20jCwSjsOLzOZFIzTr+TJCnNk1ru/hKcUrgxUzfXrPOPdTvDY3VOESEoJguXr1yZn52be/eqdHg4VFdHvn/xnQ9//IOP/u706bWlBBukF1ymcag+cwfGcsFypYwHLLd7bcgSxJ4jlxfQqCNPrc726ZBKm5FKST5t3kyQiUsbN9a2uC67nLU1l4bff7/m0pUPPvjpT37ys/+VtgZNkk6LA+IhxbXmqk3uQUCp3g2JnOvPJPKfoBYFhmBA412sTw8JWudxA8NUoxwTbF7bjRY+uPIja+21d53Wmg+u10y9f/3Khz/56c/+/sN/WHOTRiwBEs1mUav9JmD06lzfMRRzK6ByWfO9InIwh1D1425ohlpCw7hOJ1BMqKoPD63xTrbvXfnpd39+eeHbd2p++t33rtd+98OfAsy/+9G5tTfKG6SkbDMqWnSTQI8on1oHjKW3gNDuX/vNBEFBKMwQSM4DQTzXzQ1SJNseXDPRcmz84Pqdyz5Xy9s/r3m/tmbjB4DzZz/70XpaNXQY+IJfr291mXQ9jm496mCQclq5PMe+nttBNQZBaDLKaxlqDG6pp0m6xSI+FUTk6pUrF0PX3r3KQxyaIS++c+XDH/zvv/vR2s1WgrJLO0sGmjlHrmkQrMyUO+ZCIcRAqNZZoeUThCGuD4oE59f1sCSVntSmincApOcXPQO/gX83fnfgH3/WDzKwrnZ1WiCXcJ5cNepYyB5z4WTH9SnXmVuAvxe0JvB3lvcj50xTiS0n9m0ymcz4T0eMJpPsxJ1f/NIo+9VRo0xWtj6X8gYhFPkh1iJdhlM67dIQWevi8/lyuTZpNhfJSRmHZe1VkNmYkZEhGz8iM5ky/vn0xl/KjsoyfqWWZWRsWx+NGToOZpWNdRmbHwGsKGcdlShSZyMjTSxUKLDatRAEQcwygCQ7chRgmj72Dv/q6BGZOkP2T6Z1A7VZWmjG0+3i4lpHOvPWpdASpbwUdYfH30tKrcdq7WUYJoJlItzDf7P5l8ajSL9HjyKg9WtvmmC5NJeoA24AFGpf6532YnWS/KExiozdD2JtGqu1jSTre+82AGVCmDJMDQCz8/y3/o/RpAOg+KIxw558BxHhPNjOJk9Mwgpdc8iF6lXDoimHfo5xRpMLvfpAUe+R339szD4Z/yjsr5QBIrVJhmy34fSlvwEQ57/1C/QXuo7g7k6wXYs8+2PLr3vTNK/Tklz6SzH7W6tCq/MJbS84O+Qo3nkIcSDcedseXO1DQSNGY7TEodyG9QhoQMpGL/xfrKvXNn1PYcRA0UsZRuPe6KPpNcJFo6zMssz946XtcEKMJBlOSjs0hHaN/u7PIiqA+aBxomy1rpljm10Qk6jVirHWj2WABlqZoRTeZd+bsQ1fQoBkGWXdoV98J/zervJLvzdmRF+TGbe9IixFsn2M7wBXPl69N8VsaYlbF8JRrX4oq8AIS9YE056DexHIgDsbmKRpzMUX73aQ7PGVee3IJ0bcPtnfmzJkv95f/0qGcVv4CsZibLg7/Ks4o3/jW9/VGwWgwo+ybRmv7N/TI8vQ/T2+JMv+ZFUf8Q5FOnJozjWYrct10XRjAVGyprJlj5bQuPA8X6oZqjGT3mTyc1CNrRghvCqZIEAEILYasQWHzRU1umEp9C+/Sfj0gfLhX5cZo+8wYbXiQGzqyxA+lLlaVWS24HnJJMt4/FCfocF9VHCvrQ4l5HIivMyCZRpNerVa76PZ4yvnlE9kkQZDy/uO9B0FicI0NizVbvxlSt49v2l4oMwoizwg9dGjfWqca4R7wb8fr9ZGbxD1IPNuPbQOam5dcYBke1RrIn8oCsUmCDOcrzu7e1V1Sn4vOCL+/+hReLph30MGm3E6tPGXy9ngxBubvvWmusEYfqdMpjMBVvyohCe0Kk4zIgutu01obMnEHVOrHTTpWlskqlcRCV22NOfz0Uz7KlVnqx637MiRjKMff/IJ6NJk0smMZQ1lTadD8//ynytxqInzmwDqmLEB9KrTmUxgByc/UWQcHRd0fHjVVnqHWJJH474u/W4fjZeUcGCIa+j608oz+xOnstC0dLVga47GWuPmqcXenqWmpqVB9+nRUPnwB/+66mwiydz5TeXl86N3e8b83d3dTUvuxc16xCLQc/t41U+aoW5Bc+2Psa0eUiCoTK92DST3YD5RkLLwhPatkjurslG7kLV+7Lnz/rewDF+68L3j3rSTGEFsC2+hzwBe+NSF772JfBQbvnH1XqjmfSzpyt0dIKML9shAxRr6FcBsNSkLiZjVqJAtC/umWnZUjp6m2Wyz2czLI5ybvbbstBr0EfQp+HXgY9lRfL/s1Stdm4WXcoO+BE6kUIo3XBWRbLaIPa7KbIM4Fxp/m1G2otV04ZHehRmWmwGgXQdWnuf3ivu3OOEYj6Rp6FA7LU2c7Mw0a0VzP4i2BY00xXBMHINn961eqASVyJ9ajNuWxzk9OzPDcSHJxDDDsjMByQH4a0a6sDzUV1r9RyDfGD9JR+hHgsnLnRCZLxE5rQiRBJ7kusdaXXR0reqqlA9J5yef/GuzZ3mcXXeGQyGGZWbmpudDDBMKSeAvlgnNX1zWhjNa1RmbP/nEnbalKBIlAeUKRFeh6iy5ArhFsUmXrRewQhRyrMrgkWwrW3R7jGUH0WBRvEzcoOdDPEmyoMhr0wA4FBoWcJJS6/xM3YFUnI3qhp1lRhFqaTuevAyInVQR+aJ6PMz5ctUkixb8oY4mhLWZArNN1wFv3l12Z8lnLKv2drwaM/GuBSnHgQKlISnCeUBycT4Umr+McbK1UmsoBO46m+SqGY0ZJ3ZmGEXEzSpLnHeSaLE77Ssg8kVlFsgqBh9Ne7L1JvXggE6vM+VyYLbpfMW+rSHU7SszHrSM33/VMtRh6+o6MDt7aT6ElqKDiV6nwW4nJDcvDQ9fl0hmZ1iWHwa0JAuPYbh29uqBrihYwNkQGjO+IqKxEcPFEww9jZAlKLGZZb8WZRWSPeYa1OnGGh2t/kGWbElrttXGhp3G0bKyg97xzh/WhEIzxzh2JiRFS88QFCkzXMei+V/Td9CshImZuql5qTTEsijW0dIQwx2bmZmvvY7Ayjyysjs9onC2tSOFMhxPc4PFOp2eQpRIHJfvzlL2gXse0vndg2qTTu/mWYo9nnZAZS/gbBgFfXb+zj2Eww4EmtCwdWoYgWFZMF0GjRrd5IbR2+tqpWCz6Hqolq+Zj7wdz8yQLcqMi83GDBGNrcJkvll36JgH6uRsXTMDDioXVYRC6dnDokUaCKQO5BAQjmDaXr49RtnOEwin5NWO8TNvzyAHBFXxEAJ5QMRI2XkrCe9b4ObRT7oGoWRCUywrtaL+ABZBFmYWGReNxruLxm0iGouoAtOabdrN+6GkCmT7OdpTIIr62THpY3vQYNSYu9HnaYPCLpC+07be6J9BOPdKLB0dlvu/CdSGUIydCQ1PkYBTCkhD1lAX6BNwvkWGaIQd7LkOlIkeCej1RvhWZaNG4+Sdsm1iwmbQARarG2t1ZKPVUGo1tFUjKoMeLCE0TpJt9hdDBDLpdYMenqQd6QfIXjEuTZ1wIJzu8fFxb8cn3xaMEQCGrCRoj2JDVmnoH6a50PQlqRTxBWaYx8aLUk5ovjYahwCnbCnUsM0uAqf3OMP1ZPscfnW2y6PXu+GBGgiViM5SFIbQGmSO8rn9uXqTKRe0ezz9sG6G0T0q4Kx61WsBnZ78rQPYCvY7Kylla0GnXIi0TrEhXmqdoWkuhKa6Y/4A1caGuBFfcHNZ986GFahVooCD0h69To8WpAXUUDRTXJ8yS53+gzgMCRUKi7Ee4kk2vXtKjMbTiwJO8++83pNnbk+ePGl5G9kkSSNtScE0SYYhayFtSjkpY4XiEScWwBlKnOIHODNkOxuMYrp6wEFJ1q/XFfuBiiBGg5iCmDHfEjmEoVjqBaykiOwJdMg42tyAcUrud3ScOeOuevXMeEeQZ1HyAKIwAyFHylo5KRvCK8yll0KsFSkT1PqnWwmuiHA2AFEQ1TMQbCGljMcTiPbOo96w9FTevIXQNieQKTCqlnS9qYgmlE31IJzQuLZxANphGR933+84sjgPlB3MFwhRCFJo6A5XuxBip+YxfimwodDw4+0vnUp4ZI4GwNkthhCFMygwodgyN4dBBCNC4daXVGOLCUNAh2b8DTMY58h4xxmvpeN+WxVo9shvFnxTgJUmUcRlpqel1pFACMwL3JWbGb5x4PLjou0v34q/1yGkz9CSKKIg8e5LorgkLybg4nCbhJMREYYOAk2A4NGNcNp+d/v+EESi2+P3g96OI7cHzxz+zW9qSTBT6trV6brZVv6atXYqNH/n5r+BXz4uqnxkvht/rxMzfpnxjlsczqqh5NqMNohgfntLiORZixR7OP0I9l5j2c4TocKlMuRUJ2/bXj3TcbsDLHfkyH34B3T7qrezlufr6IU61406ymqt+fQseEmV+W5l5T2JLb57xTy2s8doXDxtlInBabNIkydZAvNLO54EacWQUusE00/a2mNU72zaWTiJcQYB45mg7eQRiET3zeCklpMjluAd63/d+/fH/1FX+9LhD28thhYwppGPih4gvHGBzlxeeBei92iZGEIENWjKZNL+zPSJpSkr0kMt6BL9Lybc1pc172zonVLj4DGCAtG4u+O2Jdgx7r1/+/6A99X7Z0LXX9paVPQf3PBL3+k0m6E4k9x7sP3Pn30Een3wUlziMpfvbAbiB0RBVB2ZVGsDk+9RyYl0n/KH06ewCQDalg3N/kr/ha80hCATlMlkCKftZMe4G+JtFUQjgOw1/+7XEIBrrbe2b936b1zt3c+89oXQwr3Kysqt27cftkkeVm6PC7jmQ02yDOPpnWpRREEy5IgLJyyK7b1auSrdp0zKzAFWyjCU0+VrbO4ZU3dzpDN9WgE6tLNwCfXG4whw8vZtS9uZ8fv3xztGOjru3+74/UnLq6Oh0PtvTUwwTtv0z63DtY+LiiqLHj569FXb2aLKB3GByIxG2cpGC3vF4WyLpAcKrdXsdjN0qzZ9l4IS0QS6sTg3G9UqJpNpjBNRfELOWyosPI0GSzBOS0fnOFAFSCsWWwf8HK9yj7R1AGOfIes2bJBSZGj+3xFKDKvqo8oiiTkWAszbMmSyhpnCOw2iOrTa2tEsaA5vDsg16wdZXLHY03yqRK6dZNFmM2oEU23SD3Ji0qd5t7uwfArMVkjubjDXM2cAIsSh8RHvkfHb90GhVdOhOoBZx/P827t2bUcBVyI5+8W5v335nkQSCwEYp6ywfKZBFCHyHocqcnBwzN8NrdWBXlDXSTqc5hxC28ugHZ/8bR7el912jKNE0YTdPTsLCxugfbhUqDrS0RE8M37S5oaQe9uNiNHvLWf+cdFqreMBJmW9c+4cBmZ+WAQu+jOb5GyM+iGcxsHC8sIGUXM0vPtYtIOcCW1SZUJbyYghRAgn1OQ92TrUBQZa7W5l6Pb0c0yqtxndzW5jBKft5O37bqjPbt+/fxtC0X2gvOO3z4zXWK3//pi7WPQHa+gm7np/BMYLQHd5JY+3Ruc02hHO3p2FUw2iiMLIYdDn7uxsvR6U44eyhXSlx2nPQSOCZMDjHtOBh5rUumZROA8aM4xG1CcvE9o2Ptj56pkziBONNFs6jrjv33ePf/KfIeuuXQ+4tySS6dAo4Hz0AIUiMF/zyKmiyh3xOGVotphMTM8JwinlnTwlRdnBVZwtGmcjLWwEyftaB9W7W2kxOPcaZeFBSwHnbTDcMxYbJJWT/3wGRaJB88mOX4dC0/aJmVmJ5HLovZdv7dpeBPIIvd3s3fEgGokwTvyfUSzOyJadZKDVw6BRUJE4BUJMMxxH8STdnn5W8Z7ouLSAs8rmHR8/Ayjvj4zcvg35FHJLx+9+CEDNM7MTs8PDjz7asWv71qJPsVfee/DVZ2ejkQjjxCPaoojCSPzME8j6UtKpSTu7GuOM533wnMTgfCUJp1litrnHX+2oQgNhiNN3/P5Ix8iIKzQzQ26Qzg//x45b/7Nj10MccR8VbYVYBKVCVQpO+1px4iaL9s8k/i/Cbl9BkyiMaPpFBCdw806BtT6qGjo5frJjBO1SvRhiyA0bQo+Ldm3vFQYBJQ/BeLd+eu4r24NdcTjR2H2GKKKQgpMWgdO8TpwZDUu9p0+fdi9lhGPkn4u+qurshDLkXlHRrgder6Cr6dDMdfbO1Ezo3tnOuyMI6FmIRUWfmxFd2FUphNzq3caGEw0gxm1iek7WjbM3GacjPc6xwoh8KVzYVbn9pc/OjZwDH6ws2rGjCo36Pvp02LrjFHn5vw7MvAbm3Hu36twDYPZF9/AnbCNFAk5b7+LUDNwpdFomhhCN7EvGKaZDIV+udad8Li1PqC4vnBodBUUVbgrjvFW5fcfLL7+0Y2vR1s+/ONt56u6jLz4vKhq27tpR9665a+YawLF9tgOHXBxx74GL3hU89EB59KGJIUTe48ntFcGHJJnx3WBhv07Pb23lUydOIFvL6Ar3Tz46e/buLcC5ayuGYbNBrVJUdHE+NM0szDH0wr3HW1+69TIAxRz3LLy2ddcuYay/a9OXi709Y2NNdwtHReBE/DYRpxh+a1KqBpJxpq9X7LVgZlOL7oxDkUxgQ5tiee/ePYcvPHr4x7u3tm8vujcVmmFZjrmOeND2XadGhD2KviiqBFJ/1lb1uWC5e5BzqpsWxeFM6c4SU6/4o923MZwi6s/q0yFsaIuRyGFDAbeqqtMGvzx6DIXmS9tPoc6REOqi/wOYa2UlxFgcilDErXyAUoytczv+plf8o+CgOwvnxcShhPoTCao/0243kNSfgEVMf8LBE0b10lRh+RsRnPc+v3XKCzhsZz9FoB4/PPcVUPc70j/x16ekf3h47xHKrFVVwP6gEMUVmvnhrT/fwh66WIjNY0lU/Zkyds+K6U9Yrn+IEdE/tBcRhYalwk1h/zRvLYJA9OM/nrq1C3zvMXJSwHyu9npR3Z8eWN8WHpy58y5mf1u/kAh0YddLKOW+Vl44qgbLFdUPts7+IdTflzx3iB0S09+HcvuJKE7J1spdEHBffukloHdf4L/wO9EAABKbSURBVCtn75766jr1hw3/8NbwNDbnT4t27YJItR3b7ENw0c8f2Ubgq74sP92AJwuKwWmzJE8g5xQi+vuE4bIkfYrov91rzMgwNowWlkcu/PkRmGXzqT/e+qMQW754DAXYy1uvA2sOTUv+68/bwZghs27/410ckD+Fv9DjsFXdlbxRfrkBwSwTgxOP9CY2V0z/7bL98T4xBYux4W5heVSdQsCtGum04R0KvwAPhWD08t3rMywzPw3V9a6tyGkfVZ3Dr38OqLFWH3x2q7NrU+Eo6lITReO9yTQBLdhO3x+PxleSiZ+Y8ZU9JyYLy8vPx0b3AGfVuRGIuBByvwAffFz5GOLQ9PCE9M3rwxCZtn703wgYKN1me7QVfBgRpkrQ+Y5z5gObwEMzjKJwCjMU4rUigvZJECFKIQrS1WbehuUVMNmEmUC2R4/BP3986tSpWzuQjT7AkfTmvET6/feGH1feMtv+Bl0xV3VC4bJ16wPAdA90fuvcyH+Dix74clNh7yExOIMtSV4miibEj3/GBaL0459vlX+ZeAF0s+ull3EkglDz53DEnhiW1t0Ibfwx6sas+u2jh48ri17eDrQI5RWIRJXoezo/+kqClgoULqZvLZ6gkNTYXi1Rkv4J1asIQ/Kc1PSzpLo2bUpagtxZWfnHc1V3/+ezzz47dS5mDl0MOxPZXqn3o62PHyMGcRcxiIeVj4uE93lfRqFrorw8dapYinQGkxpLQVpRitisByWWQLIppGXyr5VvSrpi27ps0p0IsTMLkT/+9qNdnz+sst31Qpp5CIVN5HEIK5LOl5cvd4dESRkWlHIGIktER2H1MpOM0883ea08WZ/m5bnF5dkNcxdjbxJu+9uRc7eAVyQFgfMpz24ZCSazPnHhVqhAJ1OGFNMyok1iHj7IzcCGAzXJF23/DWziVnKsKxdxS7MlxfbETvBTK5cJRGkdFFLBl2neIsgsF0qdizry0cunkq+9Ub4pvX8uwxJ6VXJREzbx/L6kD5Ppp6W+tklU3JDM0qGzqVdTdzsGmOfT3y11YiqnEDWtBjM/Q7LRi8mgXeXlm95Iu6PkxOUbXZfTN+JAuSiYEkty9hQ/XxN3ESWvrmQPi9gA4/ym9I2bmL4xkRZn15dgHGK2yui0JMNEC+9Fbo2hUMpTHFSE4Urwspu0SM/emEiDYOINuMtropqaarbMpIrIEbeCfD+eH59sDuI2TUCaSNPGuTS3EGMVEUk1W04lcvptUgYlaeGEgvQRNyzgWeVfrnV7lphAOBPh5WGpsmB10rFDFPBCHbErzLRy1UB0f77GyVaeEVezhOV8skonJrq65ubeXbh69eq1a9duYIHf352b6+pKhASxTFzUFmSoHZ820DjZHAgHFKZ1DQuvmrIi65HoQKlKqcpD4ZcWMZcx0tovoUJD+KZvXh59u2bz5s01NaFQyGrleb6uDg1pb9hQV0dTNGW1hmpra10L04IBvLYGk5UIcxiB/xBaZWZe+OgXrk8pl4v9PMosQq3NKrAg1KsuF0yW898aHn1744ULGzdikDW1tUsnljBO1+vXXp/FQE94T3h4qxVw1sCj2FgzenNhU+GXYk0WiReNOHB9BGpiBS8cs1VBqESvLzOXhA2XdBkwTi1y17QrdSIyd7l288aIYJg1tSHdCZlUwOn+i4Dzde/rHmsYJ0K6Gb15YQ2ejZdok7zQxEzcOYDMVtyqDixNKiIP2TvtKMU3UaEh0dWW80ZlYsFZg5sdAyrgPOE/Eca57fUNSThrBZxhaXlXpE7xqivSKeBU4lEhZLZppw7F5CBeYYayiXCTPKewWVa61DLnDEWanYSz9vWl18N2a4zgdCfpc3PExkOudLkHi1CqMFrcROxoaHXZmrZbUsmVCmS4bCsCWirsrplmKd3ENSqu2Uk4RwGej0c4/+L+i4DzLyviBLEuv3gyXkaECpvx5CHPwvteoUVXa9qcZz8YLu7d5DwKTWZreEl6YDWFXqV4PmqGmzcn+ecPjaNGD8ZpvCYTcLpf7+ajOGMwEU64bKVm07hqpPJkfX0abS9uIm2QK0Vx+IjYtxAqQYk0x3JhbkWtotCuOjT7Kdbs5DhUG6qN5RU0VwqEJVfBCW+lNqym05FohwlqonAWlccgelFkWLqziIqUDUTAQ1cKuXVJOGNAN0LDR12uhQXEC2KCOMPsbEDQPwBcBidfR60MNLx9QiLngyiUsyaYKBKldOOiPTVXyqEbltfnzWmov8tXdbU3yr/11vRContaI6pfOR55U6ZR4y2lxKxcSRCgFQXLnJm30t5gVxNxgiCYFyaEsnRlYj8RfvVCNGTVxONc0UVtqStc17cBEdp/KPWwR3qlXbPmwjjD2kC2iHDinoM3Nm16Y9kP4d4W3H82cSFs4lbeGo9zRUsYOp66/1BgPRtKmfPlqQOh0hV3QZugwvrkIZSitmKFXhCW36zYpQKFpkD0JsL6rA1/Poxzw0qtG0kZJAurc+0bhKGB0FSFrhiKNqDAgVsJ7YwCvSm8CMR+mWLrtVhdM52AEwHFOK+u0LblghDqz1zPZqLmHFBo6umdzAqbMc5hdfJhoGC5OBj9PB7T+QSkB8o3bYqy9sWNSThra1Yz26HkKUPrV2dYoamnPbJDy1ou4IQIkqzQC9FAInSpRP7sOg8o42z5wsaof0Zwbqxd0WyXs1rsnevaG9a8hZBrU3GC5abGXBSGarA6IgoNZ5e4CSNozxaISOfPn38DQG76Ms5jb0ZjbQzn5gvWDcsbLtrVLlWdaHOw9W0kj3bw613Gch3J9G8OVc6BC5uxQqGhgSjJvXAz4Y0H3tgkyJfnEzIGuGeUIvARnBtrEDtcBmkwNdZCBbm+3fuwaOWpcxWQ5R5P6Pvr2oA7CDbUhIHGSq1oHIqTiQMHDqRmxWlBoUJWQp4Odrtxg8CDk7lC21CqkaE1SOvfuhlIEdTbqb7AxLvoDQEl0ihuo1VIn2DFl8VuJI6RXkbsL5o7rdZA5LZJbjqyzI52UqaxYO1UKCbqLEKTGsHRvm+Rzr+JSH/PhnAAwup0uham19IBEpauhcuuiEajt6xLpEWdyzmnlMojxA2qLC/VOcRyuUVKB6KxaGJioivaJJ6fvTbXtQ6ECWjnrs5ikhA2W/iG2Is2i285q4WcssZCJVHqtURp7zI0l4nfVv1q+LnPzq2/2zZZJuZuhJHeiL+M9vhd5rE7NE943oxZBaEoeTkoshPWFw26E7icvPr0MEak6yqKcPFGm3QiQBQnBMwnPJzkYA6hXIbm4mMPwkBvQGtE9eesQ7pQlIv+ZR46vIzR4iM7tOsPQoI0qeI3qY4HelwA2lW34emrMiYTN6KJBWAuE4KkjE9DKJVP+j1msIkK13L3DwPdIH6YYH0yVxduCcBMzSjC2UFP4Uidg1vQdtzLfIFguhPPymRjIkzRNgeX1aaU68skSta9dXyc1JcQmSnjoWi7Enw0yRMmEVGCvsMWPMxQySux0Wyh3oKndbaXIgt4bhJQrgd1doo5OOjpSCc+qYPmk1XK+PIIkftkpRX7FkguvoSAzrlLDQg622JZ40kP65MRfE4H7axI5HwUPkwn52mdpohcNC/+YCKut1Shcfg4KUXzwaFnf8qzF5+9R9MVyp5Eu2Igvz8V5xRkfwmUorFYxLUaFBqXp6IHjbJKD6c5KfKJxTwUDDBoaIBq1BoSFMr1qQjVkxy8kix+LaGKnu3FNQJMn8egqMCDpBCNnqmTdlr2ofjD9GpKnf2Z8QpFBylmEU/VnNCxmOG9KFlAaPD5NApDY/hCy7O0Xa9FCA10s4EwTBKG2Dw3dDCmPN/+VL/NrFISWjz2C6RZYfC44Edr5NHS1L5npVJbcIgP9x6w/IBBqSCiJ+dyjc/ioFN8bC0yGq6fKG105SkSUg0kmLZn4KVmr6U9dmIZyfnAewp8Am7Wk/dMTuhFpy0bgOlCrTfpzFPEl2s0xF1Q6ZqOTBIjVcGhABt/IDDN9qIIiEeuEcxncuLyQQEo6nHSKkonY/0prAPt5YSO6F37EReriG3I4mBJtOV5/MnHEBc0LpriPBXAD55eRokXzHR7ONaXp82LK2FoX8UAagoJNenQWk4jW1VsbZZ2tJkjzU5WJAD1aPI8tADzSWuxlQQDHeAYyueM800aOAOFj/Wgpe1PCSmg3IdnZ3G+UqUhoXOVa3WwXGveM4QpAC3oZ8m4+ojiBpSK/mMqP4r3FEMB0ie23k6EEmEjA/0FCmVzAgeiGFo4Df3ZGK0gyEdVfXEnPaN5oIpMT68qzyVsYABIg8GRJ0mnVUOW47xwujztyytVKlSJZSfJDRieMUw0x1FJqFR8rPsCrFZR6inQxsIvQzuGLG3rNF+b1xL0UWwEGDfJ9ygTSS1N9xc8oyPf48WuyiLkGl80WQ8QhELRRyQUqCQbAKV61wzV5g1a9rWgnaJjsZymgX3F9WcwvFL1TA58TxazAr4nr1fYFpDxGVQ9SoUixsZIGu9CyJAtxy3BtirRBmzuBJCHHViVZPxZ74ynVBHrQ4a8oiSy1jC17QnEXwJhtx+dekpSpcRYq1KhbY42hNZMCphJlmxpD1qGvFVpiRJgHLIEjzvC9kry7oq4UQAgYJnu8AwmrhcCrYqwP3uQSPajaKSF3ML2lGpYZLcx52zUaqPL8EiG5R3HgxZLG4BdVrNmW5W3LWgJ7nME6KhTQvSJ9wOSAsvFsy4Yqg9cs+RpnDosTiDsyuUVzRzJuht5YGJxNQTYcKREJMHNSMBKtTiOD1ksluBQm9c7MlIFMjLi9bYBQLi4r72FZ1g6sawEYDGFso1aQslgm80k5FuebaBNFDuhhUzax7MsFEfxVusrjRYUJM9yJIVCCvgsS/POFkd7+/F9hw8PDR0+fPh4e7vD4eRJeAVvqYO2TV3uLgJuwkXT7ECenMh6ap0kIqUpR05kVjRyJNeq4OJaFAuO3EBFf4CiIyfGkWinPAAcFgb+wJsGCaGVc/X2xOZlcYQifiUCPDGacxgg/pV0P/tOmiQ5mJ+FVBrg2LizgV0G8FUqEj8UeVRvRX9kFTRJk/HGSZLxpypMagoyC6LL2phGFRG/2BYC8IBGTii3PIv6JJ2Y/aBSZcUkEyMNkE1Lo4u7kW6PaRXRE0SdDrS5VdQ2KT7ARwNWQKNs7ddWRKGxBkXciSE0lNQqQl6isD8HmBI0jx5MSVvgiZomxKTYoBOrVSicpUTk5A920lBqiPRLklSFwWDIi+iMDBiUrY5eV0y/vUplhL2TnEsBRC/raw1AiWJu2qKEXNoXPtCQnVSqoptRQTogetzKqH65QaWitCKiULJAoQC7jgRqTqXQTrriPQAqeSE+cfwAUAN5vtr+3GCCVCtKwHg1/U7QKShJWRrr5eBBR1qFKtpL2E+UUtHgwqoUfXypNvIQmEYNoSzVemKGO6mtQPuxcXxPHjKaJxqtfiqyJ18LkTev38XRpHMgtncR7SpQ9sSsD7mriovxN4VCSRlKIxPrKNbXD5VJXnQSJsn3O1lAOYlQZuXUf+1hNlXM9TnQFkDq4NjYsaOQBLWKvrj0wCHe5I7M/AHUCgXRH9f3fczVrFXGFhKTLMMFegSUfvvzxiiIvWkL5JhMjcLDRMkbmKISIYkxQqDj0cCDkg682hez415D3rG+uCjGcI5+AWX310LaxQkghTYpC4DER2bTs27AGXVAHJb6A1G7ZAcIDWfIjJo57dFqPf2ENrxzPUe1Kg3KbxpKJPb6LeCnclVeXyPFIbbK9lRolbEp2RCWiJ6YWbM9hIZSKWNkgC5VFmjxwDlwJt9ABdyMUG3xf8NQIjHvKUEUSamt6PcgqBzp641RORJS6YArpk+30sDHda5TJA/ED/X9ML6eigJkHCVb6u3PG9MKcrAbKZXILKjob0SEkGUSdq9XGqL6Y3qVBYE+VdzxYSTaqpf3DOQhHitX5Sj2fgNi7Ipi30Pkq8CxMrUaVY+H5zh0ZhECS7p6BvoV0a0BaUitrsmeyN9A8Dne16vIK8Ag80vqv4EGmyTV9Vk5WiVqboFGO9DqgPKMBbTgdhwXp194BOjYFYSQo1yNPQqNAdkCgMxv+pprr3VL9X5FTkkWbrXWoFH1Tzb6nLywhzTYMgjL4j9oyulodPcTGkOpCr07S5ujrP9rASmIfW9TVk4JMmFCrkRoNQair3+gZ7IXyyRYcZ+iAK4WaDPl6E1ZJfkl3Xvsz7vd6xH73npFfn6JNkuJkADeTJVKGxaVKlO4CklSVZKfQzTtrf4mB550Yq7eu99PlOQAXK0qCxALAvrLylJpAWB+Vnf9XzfEODHbqw/u2V/v71bItSUgWqVC7W/av2dvtf3/E4SpYjavcDLoC3lS+X8SebZbb22i6gAAAABJRU5ErkJggg=="}', '2025-12-03 14:12:02');
INSERT INTO public.audit_logs (id, actor_id, actor_role, actor_name, action, resource_type, resource_id, changed_fields, prev_values, new_values, created_at) VALUES ('audit-1764771608091', 'user-001', 'admin', 'Administrator Sistema', 'create', 'accreditation_process', 'proc-1764771608085', '["institution_id","process_type","application_date","notes","program_id"]', NULL, '{"institution_id":"inst-american-northwest-unive-25","process_type":"re-evaluation","application_date":"2025-12-03","notes":"dgdf","program_id":"prog-1764766393956"}', '2025-12-03 14:20:08');
INSERT INTO public.audit_logs (id, actor_id, actor_role, actor_name, action, resource_type, resource_id, changed_fields, prev_values, new_values, created_at) VALUES ('audit-1764772592103', 'user-002', 'operator', 'Službenik za akreditaciju', 'update', 'institution', 'inst-001', '["logo_url"]', '{"logo_url":"/logos/univerzitet-u-sarajevu.svg"}', '{"logo_url":"data:image/png;base64,iVBORw0KGgoAAAANSUhEUgAAAOcAAADaCAMAAABqzqVhAAACnVBMVEX////jvVAIO5YJW77lvk8JXL3ivVDnwE0AOZUAOJcUQprpwUztxE0ANpQAOZcANpfwx0gbVKXpz3gAKpsANJgASauhaQwAIo4AR6wATqgAKJwAKJAAS6r9ogAALpoAMZmkcAv/sACrAAAARa0AK5EANZ0AII4AWMIAVsWhAAD9qAAAJp0ASbexAAASUaaXAACEAADw8/j/tQCNAADWtVu7vb8+TF6CAADK0eSuex++kTfMp03my2lvg7gAQa/a29zc4e0AAAAAVcmwml53AACMm8XJrF6bi3bEqmdfdrGLh4d8f4ygrM6nmHm5oFuUjYF3c2OUmJ2zoHJ2fIRBX6KTh2QAMlSCksDFx8j+3bX+79y0vtjQsFw+XKVsbIWDen00SpJIVY5XX4pgc5VTXWhgZ3DFgwCsr7EAObO6kFlOZpxubmkYL2AUPoHkkgBRfMj6zD7WoSgAADGAeWQATdMAGkQAJUiZYmKoi3oAJkTu2trAnJ3+2a39x3/+9egAMs+YWAD9vV1zcIPYoVTdyruQclyKWjpuWlPcrXO9bQCuawDMp3yve0SYSwBjQBvlriXc0JmMXhvgwXnj3by4WwC4rY3UxIhpIgC+fDydeFLU0aiRZDT9453OkADgkzCUVRfQspyUPACTQypqHQpoSETavJZRBQA4EBJqMB2aPQCCPyRcMSQpGCScailZIg3Rj2loRRRKN0oRAR0zHQAADlseAABOMw8ALXU5RmgnHhIAKGRPSkZ2QgC3j3RscqJkUzwxLjKXMjJRY3vSnl6+eV/EYmqqiYrboJ8oRmW7WDi2NDW4Ox9zMDEAAD4nQG3Iennhvb3DckVRQzi1SEfkytWZV1jGajfYpaTALCwxAAD8tEWgSEikZGV3RUUAKtLIGC/5AAAgAElEQVR4nO19jV9TZ55vcnI4J+QckhMThEAM8mYQJBo9pEDAZEkNgRgwISBieA8gqFNTFd8qtUBnqtbBgY7jtNI6naU7d2bn7uzOzu3czsKOulXX7YzOdmfqdrrzt9zf85y8B8gBtXbux9+nRThJTp7v+b19f8+rRPJCXsgLeSEv5IW8kBfyQl7IC3khL+SFvJAX8kKer5jt1Qf37qlv8nebFCAmtb+pfv/evdV28/Nu2dMSe/Xe+m7tlpz8khKtSpWVpZSDKJVZWSptSUl+zpYSddOeg/bn3conEnP1Hn8+AFRlEYLIlZmqsGQq5ZFrWdqSnC3d+/86wZoP7ldsyddmITTyTG1pgaYiz0D09Q8M9CAZ6O9T4EsFWpUSwc1SleRo6w/+dZmxfW93Tr4WtV+pKtDkEQPuRp+TpzkQNizod4YKOBp7BxSavAJtJgILWE177M+79SLFvseUU4L0mKnVaPomPU4S0NE0KUVCoR8kif+gKJKkaYblmICvt9+Qp1XBh5TaHOX+6ueNIa2YQZNIkUqtQdPf6iIBoQAwXqgAT5IMG3uBpFmOdTYOFGiQXuXaHMU3W6vVTfklWQhknsLtIDmGToGIhPbt3u1y7d7Nx10DDZM0x7qa+/IKMrFW/QefN5qVZK86B8xVrtUoWgOgR2g8wyyL06M3Nbv0xVTsEkvxLHovyXB8Y39eAVhEVr5yzzcwKpn3qErAvVSGzF4nxyDtsKSztXU5jdIendrv0hXHLJodzM01NXJhGwaofRoVst/8evvzxpUo5v35JViVAw4O+x3Je9zHlvRqbhmcTKNOrW/U5bLRC816dbcptzGifYDqnDQUwA1VW5rszxtbTMz7c7TQqAJDL8/REQ1l5/p8umIqNQpJmVad2jRmyo4+A06tzmV1Jj8Xs2SSpRsVBvDUrG8O0j35gFJpUHpYJoqK9unVeqpY51nGcJlmkxpEF8VJFau7qWzTWAwnimA05+jXAFLVlvpvgp8eRH6pNCh8XDwkksxWm3rGdIOsNEUYt26sW602RWDBMzG5fTpdczRqMR4fxyCkzv4KjHTP80ZpV+eDxQooqfjwyo2Z1Dq/Wr+Mg7Ju3eAkqDSCk2nW6Xxuk94RfVCsXq9rRH5OAtI8JSEvyXy+WWb/FkiXBVoP0iVLN3ti2sNOCH7nSnVQblA3iEJuBCfnNxVT8NaoLzPwql6nD5BAn0jO1WeAR5njf37GWy3XglHlNeNcyTdn63L5KCrSmWtCKm1NTaHcgG6Qh1cjqmZz1SY6V90di0vd6myfybQkXKA5jxZ9z5a9zwlmfQ48Z80AhZVIN2aDy/ljZsqZdK3d6hiaeH12u4/psiOvkNRuU48LXDRiDLQrW93NZpsGIx+lmd68TEKe3/08VFpNwEPWZjq4sArJYrXfpG9lIzGT7dF188VgjSk4KSCz0rjYDHbr94OFR9wTXNs0OGjK9sUCG8v3GSDH5Hz9Kt2/BZSZN8lG28INmvyDplxn5AJE0VxyMnt3rLW4OkHCoh9QwQhlCyh0rDi32B3RHhkAO9aZ9HGWAPSKa4QcI89p+npVau4uAWUqXXFGCWwu26FXqyPWB+a420N6KAbxG6i+pHygxeFrbz+Opb293dHi5KWAGfByvIuPhjDODRbvBsuI3doJRsNS/aBSFWH/GmFWlwD91PSwCSSALja5PTpdVC+MJ0BLaRp4Lu9o3xe0WCzBobY2b0TahvClw+2OABgxQ0bsm6SygR2pTbGwRPK7x+AxgEorlITyawxHe8FmM/N80BA6DikYrhqYTszPEEaqpf0woGnzdtqWsTizrXPEO2SxDLW3UJFCFbKpaRLCUhxraMwG8otUGkAxIafpa4JZnwM2q6AYiiF9vpjl0j7ImNkmtT7sdTQb8AHGtpHOdD5lG2kLAlYng2IT26rfzY+pi2MpSsoh4u+HdEqzA2C7JeqvxUmRa2p64PFynmK9Po58Qw7Us2O5akQNAGQ7tH3EJvaugNViOd4ClIrhfM5DusG4KETp4QFmYwWD7cqJLJX9GeITxKxQEfKKRkDHeIoRG1+KAgXDzfbwPo4kWcoXtLRVrfWxdzZbLO0BlqQZ52Acj0J5ZokSgFOsy4Cc9Fn3INm1WYRS40JZklPr3KDCQy5S6N1C/SFjLsgXrHMfaHJFkHMTq9y/s81y2IEcO+b4jEevzqbISGKmKXjSxJZny3ftQIFUmTxuBGdSZ7t8Jp6NtICkXBw00TFk8a5mrlPTq36F2RsMtlMxtkhSucAC49gjyfYXANBnGXarIdCq+ijhWTOtUGIyDOdQRxsBud8RDK6sSiQT1jfTfU3VkCWGFLOjRPLI9RiAMjy7Wq16CwTa/ihhA75mGjvWXKyLMFPQJaBMc5OuS99O/02dUaRMo16tS6h5IP9wkxB2nxlQpM2CgVi3K4qD+lYwK6GiItmW9CgnuqY3fse2moeGBZD6cHY+ZMqNt1op64Nv43o1zwxodQ6CGW9BjC9XXez06DBOlj9sSYPSPP3WxdCG0MVLF967mT4WVwWDLayU5v0JVsv6itUIaKvmGfmoPT8MM86IODdktjH9IEvRdLuledW2d11+++KV70pn+KvSmvnvfW/Y9f2udF/pteyj6GigDcOEJN1zLAL06Udds1YJvsmBsTrje0eWsnXFg1BlOYPB1SnB3PDUfKtNMhG4etXB1ErMVdbZt2fTfmmbxcHGdxmyjly1bpDVQcTnmhHQp55HFVmEtg8xWn9uAlBPq4sj6eMW7+oNnphdpLBXzr3rucrjRzI7W5sWqKTKcpiKK0NdxWoIvjpTtgv5KASjLfangC1OulVEpoKVUtyYDph6HFCaoRl+dWWeHb34zuzo3DX8x8S733eFf9uwSP/g26fTMENQaQsbB1Ot86hNJhOwX4rrKSDk2qfKdZtKCKUKl8WMX6cudsX3VrK+1ZV5uXbm2tm5H87NCX+++/1A+LfZ71unT195x5Pmu0csx4VUxiBtQpYBrIItc/0qIsv0FOBFZG8OIdcILIhkQaPFvihQkt5nqVrts5fnroLBzo1GcF71WcO/8b7aCYn5+vs/TPPttuAQsl0aYOqW+OwoTHjECggaT69MQ/ygImKsYaDhWE9TQ6sHoK7Lcyiuzo2+e1W4QLfUCDi7ZkZD8ATMw8OrE0GQNgvEBHAZ3RinVpt0UY8lKYOcyH9aadRcIic0jTFT5ZYAqAcDZQKWttU/vHgD45sLtVDCheHaSwLihdB7U+jfy++nJ0heiLtQD41x3Sa1jo8FJtpZ8fSCbjeE2p74XM0NIqCgX7YlTZwFFALOifn3QpfRL9PDtVcwvIlLNR/gK3Pvf5C+DVWWdlbKUOpEmNACj4aQq55KLNoDMUiROEzCDep1fgayWToGBDjrWJxPLl3feAnZ582LNVdq0IW333nvIjbYt0ToE5zUchyAurP18TARMerREir/k+ALCzinPI9PGj3gesY4FGhXjUBYpodnsPo+GP758E30y8133sYvXLn0wY/QE5h+50+tYtphC+4D020OJGgT/kKx6Gm4KKEkNECkaTZhAAEiPdtu6RTx+dGLF1FAnVi8FI6riwKLn77w7XPwz80ffPgTcWZnRkCZ+AfONR/iSZLPexp0oR7MAlgt6xpsphO6MUXCBE2+cxP/Oz2KGiu5+d7itASgTn8HXz374x+nDbdhwUBjQnKD2SY1S7GNBiJLsXZkCYKstoBFucuk0zvjmaZPJEzQKPw/Ye66/ubotOSmZO6H010TNyXf3ve35yQoI/2b6K6yRKAk7cf5jcR0oeQJLResNs9Fk6TepAPCdywymIJCkFiYEtvp9ybOTku6XAtzUxfenhqeeuv9D25OvwdabZW8+abo20jCwSjsOLzOZFIzTr+TJCnNk1ru/hKcUrgxUzfXrPOPdTvDY3VOESEoJguXr1yZn52be/eqdHg4VFdHvn/xnQ9//IOP/u706bWlBBukF1ymcag+cwfGcsFypYwHLLd7bcgSxJ4jlxfQqCNPrc726ZBKm5FKST5t3kyQiUsbN9a2uC67nLU1l4bff7/m0pUPPvjpT37ys/+VtgZNkk6LA+IhxbXmqk3uQUCp3g2JnOvPJPKfoBYFhmBA412sTw8JWudxA8NUoxwTbF7bjRY+uPIja+21d53Wmg+u10y9f/3Khz/56c/+/sN/WHOTRiwBEs1mUav9JmD06lzfMRRzK6ByWfO9InIwh1D1425ohlpCw7hOJ1BMqKoPD63xTrbvXfnpd39+eeHbd2p++t33rtd+98OfAsy/+9G5tTfKG6SkbDMqWnSTQI8on1oHjKW3gNDuX/vNBEFBKMwQSM4DQTzXzQ1SJNseXDPRcmz84Pqdyz5Xy9s/r3m/tmbjB4DzZz/70XpaNXQY+IJfr291mXQ9jm496mCQclq5PMe+nttBNQZBaDLKaxlqDG6pp0m6xSI+FUTk6pUrF0PX3r3KQxyaIS++c+XDH/zvv/vR2s1WgrJLO0sGmjlHrmkQrMyUO+ZCIcRAqNZZoeUThCGuD4oE59f1sCSVntSmincApOcXPQO/gX83fnfgH3/WDzKwrnZ1WiCXcJ5cNepYyB5z4WTH9SnXmVuAvxe0JvB3lvcj50xTiS0n9m0ymcz4T0eMJpPsxJ1f/NIo+9VRo0xWtj6X8gYhFPkh1iJdhlM67dIQWevi8/lyuTZpNhfJSRmHZe1VkNmYkZEhGz8iM5ky/vn0xl/KjsoyfqWWZWRsWx+NGToOZpWNdRmbHwGsKGcdlShSZyMjTSxUKLDatRAEQcwygCQ7chRgmj72Dv/q6BGZOkP2T6Z1A7VZWmjG0+3i4lpHOvPWpdASpbwUdYfH30tKrcdq7WUYJoJlItzDf7P5l8ajSL9HjyKg9WtvmmC5NJeoA24AFGpf6532YnWS/KExiozdD2JtGqu1jSTre+82AGVCmDJMDQCz8/y3/o/RpAOg+KIxw558BxHhPNjOJk9Mwgpdc8iF6lXDoimHfo5xRpMLvfpAUe+R339szD4Z/yjsr5QBIrVJhmy34fSlvwEQ57/1C/QXuo7g7k6wXYs8+2PLr3vTNK/Tklz6SzH7W6tCq/MJbS84O+Qo3nkIcSDcedseXO1DQSNGY7TEodyG9QhoQMpGL/xfrKvXNn1PYcRA0UsZRuPe6KPpNcJFo6zMssz946XtcEKMJBlOSjs0hHaN/u7PIiqA+aBxomy1rpljm10Qk6jVirHWj2WABlqZoRTeZd+bsQ1fQoBkGWXdoV98J/zervJLvzdmRF+TGbe9IixFsn2M7wBXPl69N8VsaYlbF8JRrX4oq8AIS9YE056DexHIgDsbmKRpzMUX73aQ7PGVee3IJ0bcPtnfmzJkv95f/0qGcVv4CsZibLg7/Ks4o3/jW9/VGwWgwo+ybRmv7N/TI8vQ/T2+JMv+ZFUf8Q5FOnJozjWYrct10XRjAVGyprJlj5bQuPA8X6oZqjGT3mTyc1CNrRghvCqZIEAEILYasQWHzRU1umEp9C+/Sfj0gfLhX5cZo+8wYbXiQGzqyxA+lLlaVWS24HnJJMt4/FCfocF9VHCvrQ4l5HIivMyCZRpNerVa76PZ4yvnlE9kkQZDy/uO9B0FicI0NizVbvxlSt49v2l4oMwoizwg9dGjfWqca4R7wb8fr9ZGbxD1IPNuPbQOam5dcYBke1RrIn8oCsUmCDOcrzu7e1V1Sn4vOCL+/+hReLph30MGm3E6tPGXy9ngxBubvvWmusEYfqdMpjMBVvyohCe0Kk4zIgutu01obMnEHVOrHTTpWlskqlcRCV22NOfz0Uz7KlVnqx637MiRjKMff/IJ6NJk0smMZQ1lTadD8//ynytxqInzmwDqmLEB9KrTmUxgByc/UWQcHRd0fHjVVnqHWJJH474u/W4fjZeUcGCIa+j608oz+xOnstC0dLVga47GWuPmqcXenqWmpqVB9+nRUPnwB/+66mwiydz5TeXl86N3e8b83d3dTUvuxc16xCLQc/t41U+aoW5Bc+2Psa0eUiCoTK92DST3YD5RkLLwhPatkjurslG7kLV+7Lnz/rewDF+68L3j3rSTGEFsC2+hzwBe+NSF772JfBQbvnH1XqjmfSzpyt0dIKML9shAxRr6FcBsNSkLiZjVqJAtC/umWnZUjp6m2Wyz2czLI5ybvbbstBr0EfQp+HXgY9lRfL/s1Stdm4WXcoO+BE6kUIo3XBWRbLaIPa7KbIM4Fxp/m1G2otV04ZHehRmWmwGgXQdWnuf3ivu3OOEYj6Rp6FA7LU2c7Mw0a0VzP4i2BY00xXBMHINn961eqASVyJ9ajNuWxzk9OzPDcSHJxDDDsjMByQH4a0a6sDzUV1r9RyDfGD9JR+hHgsnLnRCZLxE5rQiRBJ7kusdaXXR0reqqlA9J5yef/GuzZ3mcXXeGQyGGZWbmpudDDBMKSeAvlgnNX1zWhjNa1RmbP/nEnbalKBIlAeUKRFeh6iy5ArhFsUmXrRewQhRyrMrgkWwrW3R7jGUH0WBRvEzcoOdDPEmyoMhr0wA4FBoWcJJS6/xM3YFUnI3qhp1lRhFqaTuevAyInVQR+aJ6PMz5ctUkixb8oY4mhLWZArNN1wFv3l12Z8lnLKv2drwaM/GuBSnHgQKlISnCeUBycT4Umr+McbK1UmsoBO46m+SqGY0ZJ3ZmGEXEzSpLnHeSaLE77Ssg8kVlFsgqBh9Ne7L1JvXggE6vM+VyYLbpfMW+rSHU7SszHrSM33/VMtRh6+o6MDt7aT6ElqKDiV6nwW4nJDcvDQ9fl0hmZ1iWHwa0JAuPYbh29uqBrihYwNkQGjO+IqKxEcPFEww9jZAlKLGZZb8WZRWSPeYa1OnGGh2t/kGWbElrttXGhp3G0bKyg97xzh/WhEIzxzh2JiRFS88QFCkzXMei+V/Td9CshImZuql5qTTEsijW0dIQwx2bmZmvvY7Ayjyysjs9onC2tSOFMhxPc4PFOp2eQpRIHJfvzlL2gXse0vndg2qTTu/mWYo9nnZAZS/gbBgFfXb+zj2Eww4EmtCwdWoYgWFZMF0GjRrd5IbR2+tqpWCz6Hqolq+Zj7wdz8yQLcqMi83GDBGNrcJkvll36JgH6uRsXTMDDioXVYRC6dnDokUaCKQO5BAQjmDaXr49RtnOEwin5NWO8TNvzyAHBFXxEAJ5QMRI2XkrCe9b4ObRT7oGoWRCUywrtaL+ABZBFmYWGReNxruLxm0iGouoAtOabdrN+6GkCmT7OdpTIIr62THpY3vQYNSYu9HnaYPCLpC+07be6J9BOPdKLB0dlvu/CdSGUIydCQ1PkYBTCkhD1lAX6BNwvkWGaIQd7LkOlIkeCej1RvhWZaNG4+Sdsm1iwmbQARarG2t1ZKPVUGo1tFUjKoMeLCE0TpJt9hdDBDLpdYMenqQd6QfIXjEuTZ1wIJzu8fFxb8cn3xaMEQCGrCRoj2JDVmnoH6a50PQlqRTxBWaYx8aLUk5ovjYahwCnbCnUsM0uAqf3OMP1ZPscfnW2y6PXu+GBGgiViM5SFIbQGmSO8rn9uXqTKRe0ezz9sG6G0T0q4Kx61WsBnZ78rQPYCvY7Kylla0GnXIi0TrEhXmqdoWkuhKa6Y/4A1caGuBFfcHNZ986GFahVooCD0h69To8WpAXUUDRTXJ8yS53+gzgMCRUKi7Ee4kk2vXtKjMbTiwJO8++83pNnbk+ePGl5G9kkSSNtScE0SYYhayFtSjkpY4XiEScWwBlKnOIHODNkOxuMYrp6wEFJ1q/XFfuBiiBGg5iCmDHfEjmEoVjqBaykiOwJdMg42tyAcUrud3ScOeOuevXMeEeQZ1HyAKIwAyFHylo5KRvCK8yll0KsFSkT1PqnWwmuiHA2AFEQ1TMQbCGljMcTiPbOo96w9FTevIXQNieQKTCqlnS9qYgmlE31IJzQuLZxANphGR933+84sjgPlB3MFwhRCFJo6A5XuxBip+YxfimwodDw4+0vnUp4ZI4GwNkthhCFMygwodgyN4dBBCNC4daXVGOLCUNAh2b8DTMY58h4xxmvpeN+WxVo9shvFnxTgJUmUcRlpqel1pFACMwL3JWbGb5x4PLjou0v34q/1yGkz9CSKKIg8e5LorgkLybg4nCbhJMREYYOAk2A4NGNcNp+d/v+EESi2+P3g96OI7cHzxz+zW9qSTBT6trV6brZVv6atXYqNH/n5r+BXz4uqnxkvht/rxMzfpnxjlsczqqh5NqMNohgfntLiORZixR7OP0I9l5j2c4TocKlMuRUJ2/bXj3TcbsDLHfkyH34B3T7qrezlufr6IU61406ymqt+fQseEmV+W5l5T2JLb57xTy2s8doXDxtlInBabNIkydZAvNLO54EacWQUusE00/a2mNU72zaWTiJcQYB45mg7eQRiET3zeCklpMjluAd63/d+/fH/1FX+9LhD28thhYwppGPih4gvHGBzlxeeBei92iZGEIENWjKZNL+zPSJpSkr0kMt6BL9Lybc1pc172zonVLj4DGCAtG4u+O2Jdgx7r1/+/6A99X7Z0LXX9paVPQf3PBL3+k0m6E4k9x7sP3Pn30Een3wUlziMpfvbAbiB0RBVB2ZVGsDk+9RyYl0n/KH06ewCQDalg3N/kr/ha80hCATlMlkCKftZMe4G+JtFUQjgOw1/+7XEIBrrbe2b936b1zt3c+89oXQwr3Kysqt27cftkkeVm6PC7jmQ02yDOPpnWpRREEy5IgLJyyK7b1auSrdp0zKzAFWyjCU0+VrbO4ZU3dzpDN9WgE6tLNwCfXG4whw8vZtS9uZ8fv3xztGOjru3+74/UnLq6Oh0PtvTUwwTtv0z63DtY+LiiqLHj569FXb2aLKB3GByIxG2cpGC3vF4WyLpAcKrdXsdjN0qzZ9l4IS0QS6sTg3G9UqJpNpjBNRfELOWyosPI0GSzBOS0fnOFAFSCsWWwf8HK9yj7R1AGOfIes2bJBSZGj+3xFKDKvqo8oiiTkWAszbMmSyhpnCOw2iOrTa2tEsaA5vDsg16wdZXLHY03yqRK6dZNFmM2oEU23SD3Ji0qd5t7uwfArMVkjubjDXM2cAIsSh8RHvkfHb90GhVdOhOoBZx/P827t2bUcBVyI5+8W5v335nkQSCwEYp6ywfKZBFCHyHocqcnBwzN8NrdWBXlDXSTqc5hxC28ugHZ/8bR7el912jKNE0YTdPTsLCxugfbhUqDrS0RE8M37S5oaQe9uNiNHvLWf+cdFqreMBJmW9c+4cBmZ+WAQu+jOb5GyM+iGcxsHC8sIGUXM0vPtYtIOcCW1SZUJbyYghRAgn1OQ92TrUBQZa7W5l6Pb0c0yqtxndzW5jBKft5O37bqjPbt+/fxtC0X2gvOO3z4zXWK3//pi7WPQHa+gm7np/BMYLQHd5JY+3Ruc02hHO3p2FUw2iiMLIYdDn7uxsvR6U44eyhXSlx2nPQSOCZMDjHtOBh5rUumZROA8aM4xG1CcvE9o2Ptj56pkziBONNFs6jrjv33ePf/KfIeuuXQ+4tySS6dAo4Hz0AIUiMF/zyKmiyh3xOGVotphMTM8JwinlnTwlRdnBVZwtGmcjLWwEyftaB9W7W2kxOPcaZeFBSwHnbTDcMxYbJJWT/3wGRaJB88mOX4dC0/aJmVmJ5HLovZdv7dpeBPIIvd3s3fEgGokwTvyfUSzOyJadZKDVw6BRUJE4BUJMMxxH8STdnn5W8Z7ouLSAs8rmHR8/Ayjvj4zcvg35FHJLx+9+CEDNM7MTs8PDjz7asWv71qJPsVfee/DVZ2ejkQjjxCPaoojCSPzME8j6UtKpSTu7GuOM533wnMTgfCUJp1litrnHX+2oQgNhiNN3/P5Ix8iIKzQzQ26Qzg//x45b/7Nj10MccR8VbYVYBKVCVQpO+1px4iaL9s8k/i/Cbl9BkyiMaPpFBCdw806BtT6qGjo5frJjBO1SvRhiyA0bQo+Ldm3vFQYBJQ/BeLd+eu4r24NdcTjR2H2GKKKQgpMWgdO8TpwZDUu9p0+fdi9lhGPkn4u+qurshDLkXlHRrgder6Cr6dDMdfbO1Ezo3tnOuyMI6FmIRUWfmxFd2FUphNzq3caGEw0gxm1iek7WjbM3GacjPc6xwoh8KVzYVbn9pc/OjZwDH6ws2rGjCo36Pvp02LrjFHn5vw7MvAbm3Hu36twDYPZF9/AnbCNFAk5b7+LUDNwpdFomhhCN7EvGKaZDIV+udad8Li1PqC4vnBodBUUVbgrjvFW5fcfLL7+0Y2vR1s+/ONt56u6jLz4vKhq27tpR9665a+YawLF9tgOHXBxx74GL3hU89EB59KGJIUTe48ntFcGHJJnx3WBhv07Pb23lUydOIFvL6Ar3Tz46e/buLcC5ayuGYbNBrVJUdHE+NM0szDH0wr3HW1+69TIAxRz3LLy2ddcuYay/a9OXi709Y2NNdwtHReBE/DYRpxh+a1KqBpJxpq9X7LVgZlOL7oxDkUxgQ5tiee/ePYcvPHr4x7u3tm8vujcVmmFZjrmOeND2XadGhD2KviiqBFJ/1lb1uWC5e5BzqpsWxeFM6c4SU6/4o923MZwi6s/q0yFsaIuRyGFDAbeqqtMGvzx6DIXmS9tPoc6REOqi/wOYa2UlxFgcilDErXyAUoytczv+plf8o+CgOwvnxcShhPoTCao/0243kNSfgEVMf8LBE0b10lRh+RsRnPc+v3XKCzhsZz9FoB4/PPcVUPc70j/x16ekf3h47xHKrFVVwP6gEMUVmvnhrT/fwh66WIjNY0lU/Zkyds+K6U9Yrn+IEdE/tBcRhYalwk1h/zRvLYJA9OM/nrq1C3zvMXJSwHyu9npR3Z8eWN8WHpy58y5mf1u/kAh0YddLKOW+Vl44qgbLFdUPts7+IdTflzx3iB0S09+HcvuJKE7J1spdEHBffukloHdf4L/wO9EAABKbSURBVCtn75766jr1hw3/8NbwNDbnT4t27YJItR3b7ENw0c8f2Ubgq74sP92AJwuKwWmzJE8g5xQi+vuE4bIkfYrov91rzMgwNowWlkcu/PkRmGXzqT/e+qMQW754DAXYy1uvA2sOTUv+68/bwZghs27/410ckD+Fv9DjsFXdlbxRfrkBwSwTgxOP9CY2V0z/7bL98T4xBYux4W5heVSdQsCtGum04R0KvwAPhWD08t3rMywzPw3V9a6tyGkfVZ3Dr38OqLFWH3x2q7NrU+Eo6lITReO9yTQBLdhO3x+PxleSiZ+Y8ZU9JyYLy8vPx0b3AGfVuRGIuBByvwAffFz5GOLQ9PCE9M3rwxCZtn703wgYKN1me7QVfBgRpkrQ+Y5z5gObwEMzjKJwCjMU4rUigvZJECFKIQrS1WbehuUVMNmEmUC2R4/BP3986tSpWzuQjT7AkfTmvET6/feGH1feMtv+Bl0xV3VC4bJ16wPAdA90fuvcyH+Dix74clNh7yExOIMtSV4miibEj3/GBaL0459vlX+ZeAF0s+ull3EkglDz53DEnhiW1t0Ibfwx6sas+u2jh48ri17eDrQI5RWIRJXoezo/+kqClgoULqZvLZ6gkNTYXi1Rkv4J1asIQ/Kc1PSzpLo2bUpagtxZWfnHc1V3/+ezzz47dS5mDl0MOxPZXqn3o62PHyMGcRcxiIeVj4uE93lfRqFrorw8dapYinQGkxpLQVpRitisByWWQLIppGXyr5VvSrpi27ps0p0IsTMLkT/+9qNdnz+sst31Qpp5CIVN5HEIK5LOl5cvd4dESRkWlHIGIktER2H1MpOM0883ea08WZ/m5bnF5dkNcxdjbxJu+9uRc7eAVyQFgfMpz24ZCSazPnHhVqhAJ1OGFNMyok1iHj7IzcCGAzXJF23/DWziVnKsKxdxS7MlxfbETvBTK5cJRGkdFFLBl2neIsgsF0qdizry0cunkq+9Ub4pvX8uwxJ6VXJREzbx/L6kD5Ppp6W+tklU3JDM0qGzqVdTdzsGmOfT3y11YiqnEDWtBjM/Q7LRi8mgXeXlm95Iu6PkxOUbXZfTN+JAuSiYEkty9hQ/XxN3ESWvrmQPi9gA4/ym9I2bmL4xkRZn15dgHGK2yui0JMNEC+9Fbo2hUMpTHFSE4Urwspu0SM/emEiDYOINuMtropqaarbMpIrIEbeCfD+eH59sDuI2TUCaSNPGuTS3EGMVEUk1W04lcvptUgYlaeGEgvQRNyzgWeVfrnV7lphAOBPh5WGpsmB10rFDFPBCHbErzLRy1UB0f77GyVaeEVezhOV8skonJrq65ubeXbh69eq1a9duYIHf352b6+pKhASxTFzUFmSoHZ820DjZHAgHFKZ1DQuvmrIi65HoQKlKqcpD4ZcWMZcx0tovoUJD+KZvXh59u2bz5s01NaFQyGrleb6uDg1pb9hQV0dTNGW1hmpra10L04IBvLYGk5UIcxiB/xBaZWZe+OgXrk8pl4v9PMosQq3NKrAg1KsuF0yW898aHn1744ULGzdikDW1tUsnljBO1+vXXp/FQE94T3h4qxVw1sCj2FgzenNhU+GXYk0WiReNOHB9BGpiBS8cs1VBqESvLzOXhA2XdBkwTi1y17QrdSIyd7l288aIYJg1tSHdCZlUwOn+i4Dzde/rHmsYJ0K6Gb15YQ2ejZdok7zQxEzcOYDMVtyqDixNKiIP2TvtKMU3UaEh0dWW80ZlYsFZg5sdAyrgPOE/Eca57fUNSThrBZxhaXlXpE7xqivSKeBU4lEhZLZppw7F5CBeYYayiXCTPKewWVa61DLnDEWanYSz9vWl18N2a4zgdCfpc3PExkOudLkHi1CqMFrcROxoaHXZmrZbUsmVCmS4bCsCWirsrplmKd3ENSqu2Uk4RwGej0c4/+L+i4DzLyviBLEuv3gyXkaECpvx5CHPwvteoUVXa9qcZz8YLu7d5DwKTWZreEl6YDWFXqV4PmqGmzcn+ecPjaNGD8ZpvCYTcLpf7+ajOGMwEU64bKVm07hqpPJkfX0abS9uIm2QK0Vx+IjYtxAqQYk0x3JhbkWtotCuOjT7Kdbs5DhUG6qN5RU0VwqEJVfBCW+lNqym05FohwlqonAWlccgelFkWLqziIqUDUTAQ1cKuXVJOGNAN0LDR12uhQXEC2KCOMPsbEDQPwBcBidfR60MNLx9QiLngyiUsyaYKBKldOOiPTVXyqEbltfnzWmov8tXdbU3yr/11vRContaI6pfOR55U6ZR4y2lxKxcSRCgFQXLnJm30t5gVxNxgiCYFyaEsnRlYj8RfvVCNGTVxONc0UVtqStc17cBEdp/KPWwR3qlXbPmwjjD2kC2iHDinoM3Nm16Y9kP4d4W3H82cSFs4lbeGo9zRUsYOp66/1BgPRtKmfPlqQOh0hV3QZugwvrkIZSitmKFXhCW36zYpQKFpkD0JsL6rA1/Poxzw0qtG0kZJAurc+0bhKGB0FSFrhiKNqDAgVsJ7YwCvSm8CMR+mWLrtVhdM52AEwHFOK+u0LblghDqz1zPZqLmHFBo6umdzAqbMc5hdfJhoGC5OBj9PB7T+QSkB8o3bYqy9sWNSThra1Yz26HkKUPrV2dYoamnPbJDy1ou4IQIkqzQC9FAInSpRP7sOg8o42z5wsaof0Zwbqxd0WyXs1rsnevaG9a8hZBrU3GC5abGXBSGarA6IgoNZ5e4CSNozxaISOfPn38DQG76Ms5jb0ZjbQzn5gvWDcsbLtrVLlWdaHOw9W0kj3bw613Gch3J9G8OVc6BC5uxQqGhgSjJvXAz4Y0H3tgkyJfnEzIGuGeUIvARnBtrEDtcBmkwNdZCBbm+3fuwaOWpcxWQ5R5P6Pvr2oA7CDbUhIHGSq1oHIqTiQMHDqRmxWlBoUJWQp4Odrtxg8CDk7lC21CqkaE1SOvfuhlIEdTbqb7AxLvoDQEl0ihuo1VIn2DFl8VuJI6RXkbsL5o7rdZA5LZJbjqyzI52UqaxYO1UKCbqLEKTGsHRvm+Rzr+JSH/PhnAAwup0uham19IBEpauhcuuiEajt6xLpEWdyzmnlMojxA2qLC/VOcRyuUVKB6KxaGJioivaJJ6fvTbXtQ6ECWjnrs5ikhA2W/iG2Is2i285q4WcssZCJVHqtURp7zI0l4nfVv1q+LnPzq2/2zZZJuZuhJHeiL+M9vhd5rE7NE943oxZBaEoeTkoshPWFw26E7icvPr0MEak6yqKcPFGm3QiQBQnBMwnPJzkYA6hXIbm4mMPwkBvQGtE9eesQ7pQlIv+ZR46vIzR4iM7tOsPQoI0qeI3qY4HelwA2lW34emrMiYTN6KJBWAuE4KkjE9DKJVP+j1msIkK13L3DwPdIH6YYH0yVxduCcBMzSjC2UFP4Uidg1vQdtzLfIFguhPPymRjIkzRNgeX1aaU68skSta9dXyc1JcQmSnjoWi7Enw0yRMmEVGCvsMWPMxQySux0Wyh3oKndbaXIgt4bhJQrgd1doo5OOjpSCc+qYPmk1XK+PIIkftkpRX7FkguvoSAzrlLDQg622JZ40kP65MRfE4H7axI5HwUPkwn52mdpohcNC/+YCKut1Shcfg4KUXzwaFnf8qzF5+9R9MVyp5Eu2Igvz8V5xRkfwmUorFYxLUaFBqXp6IHjbJKD6c5KfKJxTwUDDBoaIBq1BoSFMr1qQjVkxy8kix+LaGKnu3FNQJMn8egqMCDpBCNnqmTdlr2ofjD9GpKnf2Z8QpFBylmEU/VnNCxmOG9KFlAaPD5NApDY/hCy7O0Xa9FCA10s4EwTBKG2Dw3dDCmPN/+VL/NrFISWjz2C6RZYfC44Edr5NHS1L5npVJbcIgP9x6w/IBBqSCiJ+dyjc/ioFN8bC0yGq6fKG105SkSUg0kmLZn4KVmr6U9dmIZyfnAewp8Am7Wk/dMTuhFpy0bgOlCrTfpzFPEl2s0xF1Q6ZqOTBIjVcGhABt/IDDN9qIIiEeuEcxncuLyQQEo6nHSKkonY/0prAPt5YSO6F37EReriG3I4mBJtOV5/MnHEBc0LpriPBXAD55eRokXzHR7ONaXp82LK2FoX8UAagoJNenQWk4jW1VsbZZ2tJkjzU5WJAD1aPI8tADzSWuxlQQDHeAYyueM800aOAOFj/Wgpe1PCSmg3IdnZ3G+UqUhoXOVa3WwXGveM4QpAC3oZ8m4+ojiBpSK/mMqP4r3FEMB0ie23k6EEmEjA/0FCmVzAgeiGFo4Df3ZGK0gyEdVfXEnPaN5oIpMT68qzyVsYABIg8GRJ0mnVUOW47xwujztyytVKlSJZSfJDRieMUw0x1FJqFR8rPsCrFZR6inQxsIvQzuGLG3rNF+b1xL0UWwEGDfJ9ygTSS1N9xc8oyPf48WuyiLkGl80WQ8QhELRRyQUqCQbAKV61wzV5g1a9rWgnaJjsZymgX3F9WcwvFL1TA58TxazAr4nr1fYFpDxGVQ9SoUixsZIGu9CyJAtxy3BtirRBmzuBJCHHViVZPxZ74ynVBHrQ4a8oiSy1jC17QnEXwJhtx+dekpSpcRYq1KhbY42hNZMCphJlmxpD1qGvFVpiRJgHLIEjzvC9kry7oq4UQAgYJnu8AwmrhcCrYqwP3uQSPajaKSF3ML2lGpYZLcx52zUaqPL8EiG5R3HgxZLG4BdVrNmW5W3LWgJ7nME6KhTQvSJ9wOSAsvFsy4Yqg9cs+RpnDosTiDsyuUVzRzJuht5YGJxNQTYcKREJMHNSMBKtTiOD1ksluBQm9c7MlIFMjLi9bYBQLi4r72FZ1g6sawEYDGFso1aQslgm80k5FuebaBNFDuhhUzax7MsFEfxVusrjRYUJM9yJIVCCvgsS/POFkd7+/F9hw8PDR0+fPh4e7vD4eRJeAVvqYO2TV3uLgJuwkXT7ECenMh6ap0kIqUpR05kVjRyJNeq4OJaFAuO3EBFf4CiIyfGkWinPAAcFgb+wJsGCaGVc/X2xOZlcYQifiUCPDGacxgg/pV0P/tOmiQ5mJ+FVBrg2LizgV0G8FUqEj8UeVRvRX9kFTRJk/HGSZLxpypMagoyC6LL2phGFRG/2BYC8IBGTii3PIv6JJ2Y/aBSZcUkEyMNkE1Lo4u7kW6PaRXRE0SdDrS5VdQ2KT7ARwNWQKNs7ddWRKGxBkXciSE0lNQqQl6isD8HmBI0jx5MSVvgiZomxKTYoBOrVSicpUTk5A920lBqiPRLklSFwWDIi+iMDBiUrY5eV0y/vUplhL2TnEsBRC/raw1AiWJu2qKEXNoXPtCQnVSqoptRQTogetzKqH65QaWitCKiULJAoQC7jgRqTqXQTrriPQAqeSE+cfwAUAN5vtr+3GCCVCtKwHg1/U7QKShJWRrr5eBBR1qFKtpL2E+UUtHgwqoUfXypNvIQmEYNoSzVemKGO6mtQPuxcXxPHjKaJxqtfiqyJ18LkTev38XRpHMgtncR7SpQ9sSsD7mriovxN4VCSRlKIxPrKNbXD5VJXnQSJsn3O1lAOYlQZuXUf+1hNlXM9TnQFkDq4NjYsaOQBLWKvrj0wCHe5I7M/AHUCgXRH9f3fczVrFXGFhKTLMMFegSUfvvzxiiIvWkL5JhMjcLDRMkbmKISIYkxQqDj0cCDkg682hez415D3rG+uCjGcI5+AWX310LaxQkghTYpC4DER2bTs27AGXVAHJb6A1G7ZAcIDWfIjJo57dFqPf2ENrxzPUe1Kg3KbxpKJPb6LeCnclVeXyPFIbbK9lRolbEp2RCWiJ6YWbM9hIZSKWNkgC5VFmjxwDlwJt9ABdyMUG3xf8NQIjHvKUEUSamt6PcgqBzp641RORJS6YArpk+30sDHda5TJA/ED/X9ML6eigJkHCVb6u3PG9MKcrAbKZXILKjob0SEkGUSdq9XGqL6Y3qVBYE+VdzxYSTaqpf3DOQhHitX5Sj2fgNi7Ipi30Pkq8CxMrUaVY+H5zh0ZhECS7p6BvoV0a0BaUitrsmeyN9A8Dne16vIK8Ag80vqv4EGmyTV9Vk5WiVqboFGO9DqgPKMBbTgdhwXp194BOjYFYSQo1yNPQqNAdkCgMxv+pprr3VL9X5FTkkWbrXWoFH1Tzb6nLywhzTYMgjL4j9oyulodPcTGkOpCr07S5ujrP9rASmIfW9TVk4JMmFCrkRoNQair3+gZ7IXyyRYcZ+iAK4WaDPl6E1ZJfkl3Xvsz7vd6xH73npFfn6JNkuJkADeTJVKGxaVKlO4CklSVZKfQzTtrf4mB550Yq7eu99PlOQAXK0qCxALAvrLylJpAWB+Vnf9XzfEODHbqw/u2V/v71bItSUgWqVC7W/av2dvtf3/E4SpYjavcDLoC3lS+X8SebZbb22i6gAAAABJRU5ErkJggg=="}', '2025-12-03 14:36:32');
INSERT INTO public.audit_logs (id, actor_id, actor_role, actor_name, action, resource_type, resource_id, changed_fields, prev_values, new_values, created_at) VALUES ('audit-1764772594610', 'user-002', 'operator', 'Službenik za akreditaciju', 'update', 'institution', 'inst-001', '["ownership_type","founded_on","accreditation_valid_from","accreditation_valid_to","competent_authority","notes"]', '{"ownership_type":null,"founded_on":null,"accreditation_valid_from":null,"accreditation_valid_to":null,"competent_authority":null,"notes":null}', '{"ownership_type":"","founded_on":"","accreditation_valid_from":"","accreditation_valid_to":"","competent_authority":"","notes":""}', '2025-12-03 14:36:34');
INSERT INTO public.audit_logs (id, actor_id, actor_role, actor_name, action, resource_type, resource_id, changed_fields, prev_values, new_values, created_at) VALUES ('audit-1764773197217', 'user-002', 'operator', 'Službenik za akreditaciju', 'create', 'accreditation_process', 'proc-1764773197210', '["institution_id","process_type","application_date","notes","program_id"]', NULL, '{"institution_id":"inst-001","process_type":"renewal","application_date":"2025-12-03","notes":"qewer","program_id":"prog-001"}', '2025-12-03 14:46:37');
INSERT INTO public.audit_logs (id, actor_id, actor_role, actor_name, action, resource_type, resource_id, changed_fields, prev_values, new_values, created_at) VALUES ('audit-1764839089975', 'user-001', 'admin', 'Administrator Sistema', 'create', 'document', 'doc-1764839089969', '["create"]', 'null', '{"id":"doc-1764839089969","institution_id":"inst-american-northwest-unive-25","document_type":"application","title":"zahtjev","issuer":"ads","number":"dsa","file_path":"/storage/app/files/inst-american-northwest-unive-25/2025-12-04_application_milos_ocr.pdf","version":1}', '2025-12-04 09:04:49');
INSERT INTO public.audit_logs (id, actor_id, actor_role, actor_name, action, resource_type, resource_id, changed_fields, prev_values, new_values, created_at) VALUES ('audit-1764839136489', 'user-001', 'admin', 'Administrator Sistema', 'delete', 'document', 'doc-1764839089969', '["id","process_id","document_type","file_name","file_path","file_size","mime_type","uploaded_by","uploaded_at","institution_id","program_id","title","description","issuer","issued_at","number","sha256","version","is_confidential","tags"]', '{"id":"doc-1764839089969","process_id":null,"document_type":"application","file_name":"2025-12-04_application_milos_ocr.pdf","file_path":"/storage/app/files/inst-american-northwest-unive-25/2025-12-04_application_milos_ocr.pdf","file_size":608019,"mime_type":"application/pdf","uploaded_by":"user-001","uploaded_at":"2025-12-04 09:04:49","institution_id":"inst-american-northwest-unive-25","program_id":null,"title":"zahtjev","description":"asd","issuer":"ads","issued_at":"2025-12-04","number":"dsa","sha256":"de1bcaa10feeb6092a58e58c193c8d5a943ab5d490b53ed68819ebe012237e0d","version":1,"is_confidential":0,"tags":null}', '{}', '2025-12-04 09:05:36');
INSERT INTO public.audit_logs (id, actor_id, actor_role, actor_name, action, resource_type, resource_id, changed_fields, prev_values, new_values, created_at) VALUES ('audit-1764840941500', 'user-001', 'admin', 'Administrator Sistema', 'create', 'document', 'doc-1764840941495', '["create"]', 'null', '{"id":"doc-1764840941495","institution_id":"inst-american-northwest-unive-25","document_type":"application","title":"1","issuer":"1","number":"1","file_path":"/storage/app/files/inst-american-northwest-unive-25/2025-12-04_application_CBAM_Declaration_1_2024.pdf","version":1}', '2025-12-04 09:35:41');
INSERT INTO public.audit_logs (id, actor_id, actor_role, actor_name, action, resource_type, resource_id, changed_fields, prev_values, new_values, created_at) VALUES ('audit-1764841786327', 'user-001', 'admin', 'Administrator Sistema', 'delete', 'user', 'user-006', '["id","email","full_name","role","is_active","institution_id","created_at"]', '{"id":"user-006","email":"info@ues.rs.ba","full_name":"UES Administrator","role":"institution","is_active":1,"institution_id":"inst-007","created_at":"2025-12-04 08:54:13"}', NULL, '2025-12-04 09:49:46');
INSERT INTO public.audit_logs (id, actor_id, actor_role, actor_name, action, resource_type, resource_id, changed_fields, prev_values, new_values, created_at) VALUES ('audit-1764841789821', 'user-001', 'admin', 'Administrator Sistema', 'update', 'user', 'user-007', '["full_name"]', '{"full_name":"UNBI Administrator"}', '{"full_name":"UNBI Administrator24423"}', '2025-12-04 09:49:49');
INSERT INTO public.audit_logs (id, actor_id, actor_role, actor_name, action, resource_type, resource_id, changed_fields, prev_values, new_values, created_at) VALUES ('audit-1764841792076', 'user-001', 'admin', 'Administrator Sistema', 'delete', 'user', 'user-007', '["id","email","full_name","role","is_active","institution_id","created_at"]', '{"id":"user-007","email":"info@unbi.ba","full_name":"UNBI Administrator24423","role":"institution","is_active":1,"institution_id":"inst-008","created_at":"2025-12-04 08:54:13"}', NULL, '2025-12-04 09:49:52');
INSERT INTO public.audit_logs (id, actor_id, actor_role, actor_name, action, resource_type, resource_id, changed_fields, prev_values, new_values, created_at) VALUES ('audit-1764841891034', 'user-001', 'admin', 'Administrator Sistema', 'update', 'study_program', 'prog-1764770624830', '["degree_level"]', '{"degree_level":"bachelor"}', '{"degree_level":"master"}', '2025-12-04 09:51:31');
COMMIT;